Patient_ID,Dice_ET,Dice_TC,Dice_WT,Dice_Mean,HD95_ET,HD95_TC,HD95_WT,Pred_Empty
BraTS2021_00000,0.9608082175254822,0.9822832942008972,0.9464763402938843,0.9631892840067545,1.0,1.0,2.449489742783178,0
BraTS2021_00002,0.8546518087387085,0.9293599128723145,0.9338332414627075,0.9059483210245768,2.0,2.23606797749979,3.605551275463989,0
BraTS2021_00003,0.9535315632820129,0.9820647835731506,0.9838488101959229,0.9731483856836954,1.0,1.0,1.0,0
BraTS2021_00005,0.9056578874588013,0.9652155637741089,0.9642560482025146,0.945043166478475,1.4142135623730951,1.4142135623730951,4.358898943540674,0
BraTS2021_00006,0.924152135848999,0.9748182892799377,0.9859046339988708,0.9616250197092692,1.0,1.0,1.0,0
BraTS2021_00008,0.6876876950263977,0.7163742780685425,0.8649275898933411,0.7563298543294271,3.605551275463989,3.605551275463989,5.0990195135927845,0
BraTS2021_00009,0.8757041096687317,0.9127907156944275,0.9362481236457825,0.9082476496696472,1.0,1.0,2.0,0
BraTS2021_00011,0.8933570384979248,0.8919100165367126,0.9370222091674805,0.9074297547340393,3.0,2.8284271247461903,2.23606797749979,0
BraTS2021_00012,0.07013658434152603,0.7947224974632263,0.9774743914604187,0.614111157755057,21.470910553583888,9.0,6.708203932499369,0
BraTS2021_00014,0.8173244595527649,0.8104336261749268,0.8646156191825867,0.8307912349700928,2.23606797749979,2.23606797749979,9.0,0
BraTS2021_00016,0.8965315818786621,0.9601458311080933,0.8770284652709961,0.9112352927525839,1.0,1.4142135623730951,5.196152422706632,0
BraTS2021_00017,0.8569023609161377,0.9042298197746277,0.959975004196167,0.9070357282956442,1.4142135623730951,1.0,2.23606797749979,0
BraTS2021_00018,0.8184869885444641,0.9239227175712585,0.9697517156600952,0.904053807258606,3.1622776601683795,3.7416573867739413,2.23606797749979,0
BraTS2021_00019,0.8813419938087463,0.919175386428833,0.851693332195282,0.8840702374776205,1.7320508075688772,1.4142135623730951,11.575836902790225,0
BraTS2021_00020,0.945671796798706,0.9785481095314026,0.9414457082748413,0.9552218715349833,1.0,1.0,2.23606797749979,0
BraTS2021_00021,0.26921170949935913,0.5135176777839661,0.8340482711791992,0.5389258861541748,5.830951894845301,11.045361017187261,5.744562646538029,0
BraTS2021_00022,0.8923368453979492,0.9420151710510254,0.9483116865158081,0.9275545676549276,2.23606797749979,2.23606797749979,2.23606797749979,0
BraTS2021_00024,0.9196847677230835,0.9333927631378174,0.9444264769554138,0.9325013359387716,1.0,1.0,4.69041575982343,0
BraTS2021_00025,0.7445235252380371,0.7675758600234985,0.8530906438827515,0.7883966763814291,2.8284271247461903,3.0,8.12403840463596,0
BraTS2021_00026,0.9317432641983032,0.946445882320404,0.9222916960716248,0.9334936141967773,1.4142135623730951,1.4142135623730951,2.449489742783178,0
BraTS2021_00028,0.7149825096130371,0.8587691187858582,0.8285865783691406,0.800779402256012,3.3166247903554,2.449489742783178,5.0990195135927845,0
BraTS2021_00030,0.927822470664978,0.9675836563110352,0.9467306137084961,0.947378913561503,1.4142135623730951,1.4142135623730951,4.47213595499958,0
BraTS2021_00031,0.899753749370575,0.9631037712097168,0.9257583618164062,0.929538627465566,1.4142135623730951,1.0,3.7416573867739413,0
BraTS2021_00032,0.9110032320022583,0.9384339451789856,0.9690606594085693,0.9394992788632711,1.4142135623730951,2.0,1.4142135623730951,0
BraTS2021_00033,0.749657154083252,0.5532377362251282,0.9627019762992859,0.7551989555358887,10.04987562112089,27.698362702807273,3.0,0
BraTS2021_00035,0.9581841230392456,0.9827768802642822,0.9664686918258667,0.9691432317097982,1.0,1.0,1.4142135623730951,0
BraTS2021_00036,0.8797457814216614,0.9570980072021484,0.9697520732879639,0.9355319539705912,1.4142135623730951,2.23606797749979,1.4142135623730951,0
BraTS2021_00043,0.43927931785583496,0.7940298318862915,0.9793813824653625,0.7375635107358297,11.211582478474954,5.0990195135927845,1.0,0
BraTS2021_00044,0.9578268527984619,0.9819994568824768,0.9377849698066711,0.9592037598292033,1.0,1.0,1.4142135623730951,0
BraTS2021_00045,0.9306061267852783,0.9802136421203613,0.9158629775047302,0.9422275821367899,1.0,1.0,4.123105625617661,0
BraTS2021_00046,0.953122615814209,0.9700013399124146,0.9777032136917114,0.9669423898061117,1.0,1.0,1.0,0
BraTS2021_00048,0.9602358937263489,0.978691041469574,0.9143912196159363,0.951106051603953,1.0,1.0,4.358898943540674,0
BraTS2021_00049,0.942054808139801,0.9705092310905457,0.9705427289009094,0.9610355893770853,1.0,1.0,1.0,0
BraTS2021_00051,0.9683120250701904,0.9851293563842773,0.9685510396957397,0.9739974737167358,1.0,1.0,1.0,0
BraTS2021_00052,0.9035977125167847,0.9588346481323242,0.9484003782272339,0.9369442462921143,1.4142135623730951,1.7320508075688772,2.8284271247461903,0
BraTS2021_00053,0.8967994451522827,0.9448021054267883,0.9662979245185852,0.9359664916992188,1.4142135623730951,1.4142135623730951,2.0,0
BraTS2021_00054,0.7934961318969727,0.9270037412643433,0.9181859493255615,0.8795619408289591,2.23606797749979,3.0,4.69041575982343,0
BraTS2021_00056,0.9176017642021179,0.9437233209609985,0.9730933904647827,0.9448061585426331,1.7320508075688772,2.0,1.0,0
BraTS2021_00058,0.9365225434303284,0.9660468697547913,0.8717494606971741,0.9247729579607645,1.0,1.0,5.727020967128835,0
BraTS2021_00059,0.9421824216842651,0.9655779004096985,0.9463290572166443,0.9513631264368693,1.0,1.0,1.7320508075688772,0
BraTS2021_00060,0.9207346439361572,0.9632742404937744,0.969851016998291,0.9512866338094076,1.0,2.23606797749979,2.0,0
BraTS2021_00061,0.7328980565071106,0.9493623375892639,0.7519076466560364,0.8113893469174703,2.23606797749979,1.0,8.06225774829855,0
BraTS2021_00062,0.9483993053436279,0.9638434052467346,0.9779714941978455,0.9634047349294027,1.0,1.0,1.0,0
BraTS2021_00063,0.9312564134597778,0.9432544112205505,0.9354819059371948,0.9366642435391744,1.4142135623730951,2.23606797749979,3.0,0
BraTS2021_00064,0.8396367430686951,0.916580080986023,0.9525570273399353,0.9029246171315511,1.7320508075688772,3.7416573867739413,1.4142135623730951,0
BraTS2021_00066,0.9303417205810547,0.9755271077156067,0.9800788760185242,0.9619825681050619,1.0,1.0,1.0,0
BraTS2021_00068,0.9475632309913635,0.9673723578453064,0.9610328674316406,0.9586561520894369,1.0,1.0,1.4142135623730951,0
BraTS2021_00070,0.9297023415565491,0.9597845077514648,0.9840334057807922,0.957840085029602,1.4142135623730951,1.4142135623730951,1.0,0
BraTS2021_00071,0.9372887015342712,0.9693921208381653,0.9630002379417419,0.9565603534380595,1.0,1.0,1.4142135623730951,0
BraTS2021_00072,0.9325333833694458,0.9769700765609741,0.9111361503601074,0.9402132034301758,1.0,1.0,10.449862903468778,0
BraTS2021_00074,0.9109266400337219,0.9540030360221863,0.9670647382736206,0.9439981381098429,1.4142135623730951,1.7320508075688772,3.605551275463989,0
BraTS2021_00077,0.9446514248847961,0.9760105013847351,0.9451490044593811,0.9552703102429708,1.0,1.0,13.038404810405298,0
BraTS2021_00078,0.9581199288368225,0.9809495806694031,0.9811265468597412,0.9733986854553223,1.0,1.0,1.0,0
BraTS2021_00081,0.9690635204315186,0.9757300615310669,0.9739855527877808,0.9729263782501221,1.0,1.0,1.0,0
BraTS2021_00084,0.8945464491844177,0.9272536039352417,0.8916030526161194,0.9044677019119263,2.23606797749979,2.449489742783178,5.830951894845301,0
BraTS2021_00085,0.80189049243927,0.7643312215805054,0.9097194075584412,0.8253137071927389,1.4142135623730951,2.0,6.4031242374328485,0
BraTS2021_00087,0.8242854475975037,0.8826684951782227,0.9081727266311646,0.871708889802297,2.23606797749979,4.123105625617661,4.898979485566356,0
BraTS2021_00088,0.9365894794464111,0.9767609238624573,0.9702390432357788,0.9611964821815491,1.4142135623730951,1.0,1.7320508075688772,0
BraTS2021_00089,0.9667519330978394,0.9800832867622375,0.9367523789405823,0.9611958662668864,1.0,1.0,8.366600265340756,0
BraTS2021_00090,0.9284687042236328,0.9493932723999023,0.9715376496315002,0.9497998754183451,1.0,1.0,1.4142135623730951,0
BraTS2021_00094,0.8231061697006226,0.9637767672538757,0.9627548456192017,0.9165459275245667,1.7320508075688772,2.23606797749979,2.8284271247461903,0
BraTS2021_00095,0.9012998938560486,0.9765926599502563,0.9795693159103394,0.9524872899055481,1.0,1.0,1.0,0
BraTS2021_00096,0.9185180068016052,0.9684450626373291,0.9736276268959045,0.9535302321116129,1.0,1.0,1.4142135623730951,0
BraTS2021_00097,0.9487253427505493,0.9766370058059692,0.9669542908668518,0.9641055464744568,1.0,1.0,1.4142135623730951,0
BraTS2021_00098,0.6108846664428711,0.8366193175315857,0.8380216360092163,0.761841873327891,4.58257569495584,4.69041575982343,4.58257569495584,0
BraTS2021_00099,0.8909403681755066,0.9608334898948669,0.9141443967819214,0.9219727516174316,1.0,1.0,3.0,0
BraTS2021_00100,0.9334971904754639,0.9527025818824768,0.9742268323898315,0.9534755349159241,1.4142135623730951,1.4142135623730951,1.0,0
BraTS2021_00101,0.946998655796051,0.9739857316017151,0.9832834005355835,0.9680892626444498,1.0,1.0,1.0,0
BraTS2021_00102,0.40993788838386536,0.38115864992141724,0.844664454460144,0.5452536642551422,6.708203932499369,6.6332495807108,3.7416573867739413,0
BraTS2021_00103,0.9025095105171204,0.9548389315605164,0.9527722597122192,0.9367069005966187,1.4142135623730951,1.4142135623730951,2.23606797749979,0
BraTS2021_00104,0.9473268389701843,0.966564416885376,0.9681128859519958,0.9606680472691854,1.0,1.0,1.4142135623730951,0
BraTS2021_00105,0.8376865983009338,0.9351592063903809,0.909021258354187,0.8939556876818339,2.0,2.23606797749979,3.1622776601683795,0
BraTS2021_00106,0.8245226144790649,0.9342161417007446,0.9423794746398926,0.9003727436065674,2.8284271247461903,2.23606797749979,4.69041575982343,0
BraTS2021_00107,0.9511764049530029,0.9586596488952637,0.9683170914649963,0.9593843817710876,1.0,1.0,1.4142135623730951,0
BraTS2021_00108,0.8177632689476013,0.4665064215660095,0.8713110685348511,0.7185269196828207,3.3166247903554,22.312551085199377,5.916079783099616,0
BraTS2021_00109,0.7881942391395569,0.9284157156944275,0.9352607727050781,0.8839569091796875,2.23606797749979,2.23606797749979,2.23606797749979,0
BraTS2021_00110,0.9795945882797241,0.9698395729064941,0.966343104839325,0.9719257553418478,1.0,1.0,1.4142135623730951,0
BraTS2021_00111,0.3694949448108673,0.8804474472999573,0.9089094400405884,0.7196172773838043,6.082762530298219,4.358898943540674,3.3166247903554,0
BraTS2021_00112,0.5661320090293884,0.6499629616737366,0.9189460873603821,0.7116803526878357,26.476404589747453,6.164414002968976,3.3166247903554,0
BraTS2021_00113,0.7699257731437683,0.8078651428222656,0.8797980546951294,0.8191963235537211,2.8284271247461903,2.23606797749979,3.605551275463989,0
BraTS2021_00115,0.9622763991355896,0.9867628216743469,0.9492562413215637,0.9660984873771667,1.0,1.0,1.7320508075688772,0
BraTS2021_00116,0.7284749746322632,0.8701534271240234,0.8311691284179688,0.8099325100580851,4.0,4.123105625617661,12.12435565298214,0
BraTS2021_00117,0.6573346853256226,0.8462971448898315,0.9188377857208252,0.8074898719787598,3.7416573867739413,4.69041575982343,6.48074069840786,0
BraTS2021_00118,0.9468015432357788,0.9803279638290405,0.9777929186820984,0.9683074752489725,1.0,1.0,1.0,0
BraTS2021_00120,0.8869193196296692,0.9522711634635925,0.9644917249679565,0.9345607360204061,2.8284271247461903,2.449489742783178,2.23606797749979,0
BraTS2021_00121,0.9384976625442505,0.9396191239356995,0.9141262769699097,0.9307476878166199,1.0,1.0,1.4142135623730951,0
BraTS2021_00122,0.7352036237716675,0.937110960483551,0.9479544758796692,0.8734230200449625,3.0,1.7320508075688772,1.4142135623730951,0
BraTS2021_00123,0.9329989552497864,0.9661362171173096,0.9613296389579773,0.953488270441691,1.4142135623730951,1.0,1.4142135623730951,0
BraTS2021_00124,0.4818146824836731,0.9586026668548584,0.8727150559425354,0.771044135093689,8.306623862918075,2.0,10.82818549259403,0
BraTS2021_00126,0.8856559991836548,0.9476367235183716,0.9718177318572998,0.935036818186442,2.23606797749979,3.0,1.0,0
BraTS2021_00127,0.9071147441864014,0.9451709985733032,0.9805614948272705,0.9442824125289917,1.0,1.0,1.0,0
BraTS2021_00128,0.9261249899864197,0.9411454796791077,0.9615731835365295,0.9429478844006857,2.8284271247461903,3.0,2.0,0
BraTS2021_00130,0.7821897268295288,0.9461548924446106,0.9627451300621033,0.8970299164454142,2.449489742783178,2.23606797749979,1.4142135623730951,0
BraTS2021_00131,0.896008312702179,0.9343444108963013,0.9611140489578247,0.9304889241854349,1.4142135623730951,2.23606797749979,1.4142135623730951,0
BraTS2021_00132,0.9441524147987366,0.9635785222053528,0.927846372127533,0.9451924363772074,1.0,1.4142135623730951,3.0,0
BraTS2021_00133,0.8806737065315247,0.954454243183136,0.8841974139213562,0.9064417878786722,1.4142135623730951,1.4142135623730951,4.47213595499958,0
BraTS2021_00134,0.7297244071960449,0.9243079423904419,0.9524494409561157,0.8688272635142008,12.24744871391589,3.1622776601683795,2.0,0
BraTS2021_00136,0.8494516611099243,0.8872180581092834,0.938374400138855,0.8916813731193542,2.23606797749979,3.4641016151377544,7.54983443527075,0
BraTS2021_00137,0.954200029373169,0.9718475341796875,0.9712201952934265,0.9657559196154276,1.4142135623730951,1.0,1.4142135623730951,0
BraTS2021_00138,0.8516574501991272,0.9141578674316406,0.9562856554985046,0.9073669910430908,2.23606797749979,33.443915348394675,2.0,0
BraTS2021_00139,0.8329293131828308,0.9128113985061646,0.9434457421302795,0.8963954846064249,4.0,2.449489742783178,2.23606797749979,0
BraTS2021_00140,0.6992724537849426,0.7043858766555786,0.9099025726318359,0.7711869676907858,5.0990195135927845,5.0990195135927845,2.23606797749979,0
BraTS2021_00142,0.8774730563163757,0.9478569626808167,0.9028527140617371,0.9093942443529764,1.4142135623730951,1.4142135623730951,4.043086968966002,0
BraTS2021_00143,0.9316357374191284,0.9645739197731018,0.8519619107246399,0.9160571893056234,1.4142135623730951,1.4142135623730951,38.28837943815329,0
BraTS2021_00144,0.8638803362846375,0.9514707922935486,0.7984773516654968,0.8712761600812277,1.0,1.4142135623730951,7.3484692283495345,0
BraTS2021_00146,0.645082950592041,0.8951303958892822,0.8821812868118286,0.8074648777643839,2.8284271247461903,5.385164807134504,7.3484692283495345,0
BraTS2021_00147,0.8684265613555908,0.9448016285896301,0.968514621257782,0.9272476037343343,2.23606797749979,1.4142135623730951,1.0,0
BraTS2021_00148,0.925376296043396,0.9136012196540833,0.9342536330223083,0.9244103829065958,2.0,2.0,3.605551275463989,0
BraTS2021_00149,0.7096666693687439,0.8980593681335449,0.8663714528083801,0.8246991634368896,3.1622776601683795,1.7320508075688772,5.656854249492381,0
BraTS2021_00150,0.789662778377533,0.9035157561302185,0.9679943323135376,0.8870576222737631,3.0,2.23606797749979,2.23606797749979,0
BraTS2021_00151,0.8989395499229431,0.9354238510131836,0.9416762590408325,0.9253465533256531,2.449489742783178,4.0,2.23606797749979,0
BraTS2021_00152,0.7924123406410217,0.9274090528488159,0.8941807150840759,0.8713340361913046,1.7320508075688772,2.23606797749979,5.0990195135927845,0
BraTS2021_00154,0.8027820587158203,0.8605530858039856,0.9542057514190674,0.8725136319796244,2.23606797749979,3.7416573867739413,1.4142135623730951,0
BraTS2021_00155,0.5843949317932129,0.6397682428359985,0.9269269108772278,0.7170300285021464,13.89424120383651,14.04278453398861,1.4142135623730951,0
BraTS2021_00156,0.9883712530136108,0.9957161545753479,0.9879930019378662,0.990693469842275,1.0,1.0,1.0,0
BraTS2021_00157,0.9581703543663025,0.9806939959526062,0.965881884098053,0.9682487448056539,1.0,1.0,1.4142135623730951,0
BraTS2021_00158,0.9633768200874329,0.9813966751098633,0.969935953617096,0.971569816271464,1.0,1.0,1.4142135623730951,0
BraTS2021_00159,0.9349972605705261,0.9752184152603149,0.9528990387916565,0.9543715715408325,1.0,1.0,2.23606797749979,0
BraTS2021_00160,0.8183190822601318,0.7993749380111694,0.9480863809585571,0.8552601337432861,8.080791945199785,11.575836902790225,9.433981132056603,0
BraTS2021_00162,0.9046583771705627,0.9368146061897278,0.9533770084381104,0.9316166639328003,1.4142135623730951,1.3106601717798214,1.0,0
BraTS2021_00165,0.9626688361167908,0.9854030609130859,0.9849386811256409,0.9776701927185059,1.0,1.0,1.0,0
BraTS2021_00166,0.9537323713302612,0.9679028987884521,0.9689214825630188,0.9635189175605774,1.0,1.4142135623730951,1.7320508075688772,0
BraTS2021_00167,0.7918132543563843,0.8165310025215149,0.9739558696746826,0.8607667088508606,4.123105625617661,4.123105625617661,1.0,0
BraTS2021_00170,0.8196147084236145,0.8196147084236145,0.9193854331970215,0.8528716166814169,1.0,1.0,3.3166247903554,0
BraTS2021_00171,0.8841004967689514,0.9227988719940186,0.9265925288200378,0.9111639658610026,4.898979485566356,2.23606797749979,4.0,0
BraTS2021_00172,0.9023891091346741,0.9363691806793213,0.9592733383178711,0.9326772093772888,1.4142135623730951,7.0,5.477225575051661,0
BraTS2021_00176,0.9187607765197754,0.9824971556663513,0.9788781404495239,0.9600453575452169,1.0,1.0,1.0,0
BraTS2021_00177,0.9533573389053345,0.9876896739006042,0.9884287714958191,0.9764919281005859,1.0,1.0,1.0,0
BraTS2021_00178,0.9709752798080444,0.9856821298599243,0.9731324911117554,0.9765966335932413,1.0,1.0,1.4142135623730951,0
BraTS2021_00183,0.9732169508934021,0.9869986176490784,0.9850115776062012,0.9817423820495605,1.0,1.0,1.0,0
BraTS2021_00184,0.946311354637146,0.9741101861000061,0.9721656441688538,0.964195728302002,1.0,1.0,1.0,0
BraTS2021_00185,0.9265285134315491,0.9404351711273193,0.8979411721229553,0.9216349522272745,1.7320508075688772,3.605551275463989,5.0,0
BraTS2021_00186,0.8808272480964661,0.9075990915298462,0.9869948029518127,0.925140380859375,1.7320508075688772,2.23606797749979,1.0,0
BraTS2021_00187,0.9732316732406616,0.9883145093917847,0.9793068766593933,0.9802843530972799,1.0,1.0,1.0,0
BraTS2021_00188,0.9543032646179199,0.9842653274536133,0.978357195854187,0.9723085959752401,1.0,1.0,1.0,0
BraTS2021_00191,0.9590856432914734,0.9742013216018677,0.9708402752876282,0.9680424133936564,1.4142135623730951,4.123105625617661,1.0,0
BraTS2021_00192,0.9743795394897461,0.9746502041816711,0.9493971467018127,0.9661422967910767,1.0,1.0,2.0,0
BraTS2021_00193,0.9446319937705994,0.9763161540031433,0.9707449674606323,0.963897705078125,1.4142135623730951,1.0,1.4142135623730951,0
BraTS2021_00194,0.9438052773475647,0.9771948456764221,0.9751424193382263,0.965380847454071,1.0,1.0,1.0,0
BraTS2021_00195,0.9438849091529846,0.9840744733810425,0.9822493195533752,0.9700695673624674,1.7320508075688772,1.0,1.0,0
BraTS2021_00196,0.9617039561271667,0.9796673655509949,0.9638835191726685,0.96841828028361,1.0,1.0,31.045127773689188,0
BraTS2021_00199,0.9645617008209229,0.9852543473243713,0.979450523853302,0.9764221906661987,1.0,1.0,1.0,0
BraTS2021_00201,0.9198932647705078,0.9757340550422668,0.9862468242645264,0.9606247146924337,1.0,1.4142135623730951,1.0,0
BraTS2021_00203,0.9044975638389587,0.951935887336731,0.9518675208091736,0.9361003239949545,1.0,2.0,1.7320508075688772,0
BraTS2021_00204,0.8645790219306946,0.9136383533477783,0.9374590516090393,0.9052254756291708,2.0,2.0,1.4142135623730951,0
BraTS2021_00206,0.8988852500915527,0.9353718161582947,0.8498576879501343,0.8947049180666605,1.7320508075688772,1.0,36.40054944640259,0
BraTS2021_00207,0.8281369805335999,0.9088488221168518,0.9631749987602234,0.900053600470225,3.1622776601683795,3.1622776601683795,1.7320508075688772,0
BraTS2021_00209,0.92857825756073,0.965219259262085,0.9651062488555908,0.9529679218928019,1.0,1.0,1.0,0
BraTS2021_00210,0.9513140320777893,0.963881254196167,0.9304845929145813,0.9485599597295126,5.0990195135927845,11.874342087037917,9.0,0
BraTS2021_00211,0.949999988079071,0.9870775938034058,0.9904292821884155,0.9758356213569641,1.0,1.0,1.0,0
BraTS2021_00212,0.8693206310272217,0.964382529258728,0.8437960147857666,0.8924997250239054,2.0,1.0,3.3166247903554,0
BraTS2021_00214,0.9801190495491028,0.9897379279136658,0.9877358675003052,0.9858642816543579,1.0,1.0,1.0,0
BraTS2021_00216,0.97701096534729,0.9925083518028259,0.9699320793151855,0.9798171321551005,1.0,1.0,1.4142135623730951,0
BraTS2021_00217,0.9644439816474915,0.9623015522956848,0.9853605031967163,0.9707020123799642,1.0,1.0,1.0,0
BraTS2021_00218,0.928078830242157,0.9541984796524048,0.9390404224395752,0.940439244111379,1.0,1.0,1.0,0
BraTS2021_00219,0.9845272302627563,0.9881930351257324,0.909679651260376,0.9607999722162882,1.0,1.0,1.4142135623730951,0
BraTS2021_00220,0.9330403804779053,0.9497401118278503,0.9204269051551819,0.9344024658203125,1.0,1.4142135623730951,3.3166247903554,0
BraTS2021_00221,0.9461172819137573,0.9796480536460876,0.9746065735816956,0.9667906363805135,1.0,1.0,1.0,0
BraTS2021_00222,0.8240016102790833,0.8390263319015503,0.964811384677887,0.8759464422861735,1.7320508075688772,1.4142135623730951,1.0,0
BraTS2021_00227,0.8015999794006348,0.9045302271842957,0.7112746238708496,0.8058016101519266,1.0,1.4142135623730951,9.0,0
BraTS2021_00228,0.9321885108947754,0.9527392387390137,0.9393081068992615,0.9414119521776835,1.7320508075688772,1.4142135623730951,3.3166247903554,0
BraTS2021_00230,0.8568577170372009,0.9616066813468933,0.9646269083023071,0.9276971022288004,1.4142135623730951,1.4142135623730951,1.0,0
BraTS2021_00231,0.923641562461853,0.9714785218238831,0.9657061100006104,0.9536087314287821,1.0,1.0,2.23606797749979,0
BraTS2021_00233,0.9683334827423096,0.975555419921875,0.9801269769668579,0.9746719598770142,1.0,1.0,1.0,0
BraTS2021_00234,0.8723526000976562,0.9371727705001831,0.8697922825813293,0.8931058843930563,2.23606797749979,3.0,4.242640687119285,0
BraTS2021_00235,0.9621243476867676,0.9897071123123169,0.9875864386558533,0.9798059662183126,1.0,1.0,1.0,0
BraTS2021_00236,0.9532102942466736,0.9662086963653564,0.949757993221283,0.9563923279444376,1.4142135623730951,2.23606797749979,1.4142135623730951,0
BraTS2021_00237,0.8806740045547485,0.9088868498802185,0.967310905456543,0.91895725329717,2.449489742783178,2.449489742783178,1.0,0
BraTS2021_00238,0.9785241484642029,0.9821226000785828,0.9536667466163635,0.9714378317197164,1.0,1.0,1.4142135623730951,0
BraTS2021_00239,0.7931143641471863,0.9491587281227112,0.9368278980255127,0.8930336634318033,3.0,2.0,4.0,0
BraTS2021_00240,0.9153727293014526,0.9495604634284973,0.9711332321166992,0.9453554749488831,1.0,1.7320508075688772,1.4142135623730951,0
BraTS2021_00241,0.9752013087272644,0.9754524230957031,0.9688616991043091,0.9731718103090922,1.0,1.0,1.0,0
BraTS2021_00242,0.9760668277740479,0.9936119318008423,0.6577476263046265,0.8758087952931722,1.0,1.0,61.69278726074872,0
BraTS2021_00243,0.7877323627471924,0.7815126180648804,0.9296412467956543,0.8329620758692423,8.602325267042627,8.12710412299777,3.0,0
BraTS2021_00246,0.9690521359443665,0.9819223284721375,0.97355055809021,0.9748416741689047,1.0,1.0,1.0,0
BraTS2021_00247,0.9550317525863647,0.954411506652832,0.9785846471786499,0.9626759688059489,1.0,1.7320508075688772,1.0,0
BraTS2021_00249,0.9502516984939575,0.9779386520385742,0.9845837950706482,0.9709247152010599,1.0,2.8284271247461903,1.0,0
BraTS2021_00250,0.9626926183700562,0.9671919345855713,0.9361431002616882,0.9553425510724386,1.0,1.0,5.0,0
BraTS2021_00251,0.9416952729225159,0.9774488210678101,0.940910816192627,0.953351636727651,1.0,1.0,1.0,0
BraTS2021_00253,0.9674255847930908,0.9776312112808228,0.9596149325370789,0.9682239095369974,1.0,1.0,1.4142135623730951,0
BraTS2021_00254,0.9387100338935852,0.9615561366081238,0.971214771270752,0.9571603139241537,1.0,1.4142135623730951,1.0,0
BraTS2021_00258,0.690369188785553,0.692992627620697,0.5860553979873657,0.656472404797872,18.84674367604421,18.87854364380885,13.076696830622021,0
BraTS2021_00259,0.9595499038696289,0.9847241640090942,0.9823694229125977,0.9755478302637736,1.0,1.0,1.0,0
BraTS2021_00260,0.9367289543151855,0.9651222229003906,0.9359070062637329,0.945919394493103,1.0,1.0,9.643650760992955,0
BraTS2021_00261,0.9791558384895325,0.9943848848342896,0.9666455388069153,0.9800620873769125,1.0,1.0,1.0,0
BraTS2021_00262,0.9202200770378113,0.9754508137702942,0.7393347024917603,0.878335197766622,2.8284271247461903,1.0,7.874007874011811,0
BraTS2021_00263,0.9475871324539185,0.9809833765029907,0.9881452918052673,0.9722386002540588,1.0,1.0,1.0,0
BraTS2021_00266,0.946178138256073,0.9760732054710388,0.9661930203437805,0.9628147880236307,1.0,1.4142135623730951,1.7320508075688772,0
BraTS2021_00267,0.9666693210601807,0.982866644859314,0.9737638831138611,0.9744332830111185,1.0,1.0,1.0,0
BraTS2021_00269,0.9435048699378967,0.9671277403831482,0.968812882900238,0.9598151644070944,1.0,1.0,1.0,0
BraTS2021_00270,0.9129372239112854,0.90132737159729,0.6129333972930908,0.8090659976005554,1.4142135623730951,1.4142135623730951,10.04987562112089,0
BraTS2021_00271,0.9356030821800232,0.9443526864051819,0.9762467741966248,0.95206751426061,1.0,2.23606797749979,1.0,0
BraTS2021_00273,0.9522372484207153,0.9715090990066528,0.9633331894874573,0.9623598456382751,1.0,2.2242645786245427,1.4142135623730951,0
BraTS2021_00274,0.8710083961486816,0.9521728754043579,0.9283228516578674,0.9171680410703024,1.0,1.0,1.7320508075688772,0
BraTS2021_00275,0.9240366816520691,0.9841412901878357,0.9755470156669617,0.9612416625022888,3.1622776601683795,1.0,1.0,0
BraTS2021_00280,0.8870037794113159,0.9326424598693848,0.8585019707679749,0.8927160700162252,1.4142135623730951,1.4142135623730951,6.4031242374328485,0
BraTS2021_00281,0.9390719532966614,0.9781242609024048,0.9879357218742371,0.9683773120244344,1.0,1.0,1.0,0
BraTS2021_00282,0.9358801245689392,0.9642754793167114,0.9713973999023438,0.9571843345959982,1.0,1.0,1.0,0
BraTS2021_00283,0.9545320868492126,0.9796081185340881,0.9488223791122437,0.9609875281651815,1.0,1.0,1.4142135623730951,0
BraTS2021_00284,0.7681553363800049,0.7152451276779175,0.8233537077903748,0.7689180572827657,5.196152422706632,5.744562646538029,6.708203932499369,0
BraTS2021_00285,0.9662576913833618,0.9694189429283142,0.9477434754371643,0.9611400365829468,1.0,1.0,1.0,0
BraTS2021_00286,0.948927640914917,0.9467869400978088,0.8858867883682251,0.927200456460317,3.7416573867739413,4.58257569495584,3.0,0
BraTS2021_00288,0.9625512957572937,0.9662083983421326,0.9760910868644714,0.9682835936546326,1.0,1.0,1.0,0
BraTS2021_00289,0.8956173062324524,0.9058402180671692,0.9264715313911438,0.9093096852302551,3.0,3.605551275463989,2.23606797749979,0
BraTS2021_00290,0.8827391862869263,0.9570106267929077,0.9410058856010437,0.9269185662269592,1.0,1.0,3.0,0
BraTS2021_00291,0.9306324124336243,0.9372224807739258,0.9579249620437622,0.9419266184171041,2.0,2.0,2.0,0
BraTS2021_00292,0.6361731886863708,0.8718312978744507,0.8514198064804077,0.7864747643470764,2.23606797749979,3.0,6.082762530298219,0
BraTS2021_00293,0.49326303601264954,0.4913419783115387,0.9152894020080566,0.6332981387774149,10.04987562112089,10.099504938362077,3.0,0
BraTS2021_00294,0.8117895722389221,0.8552387356758118,0.9798229336738586,0.8822837471961975,37.26929030716845,37.33630940518894,1.0,0
BraTS2021_00296,0.953819751739502,0.9639096856117249,0.9417352676391602,0.9531549016634623,1.0,3.605551275463989,2.23606797749979,0
BraTS2021_00297,0.8954581618309021,0.9669192433357239,0.9259236454963684,0.9294336835543314,1.0,1.4142135623730951,2.8284271247461903,0
BraTS2021_00298,0.9817595481872559,0.9862847328186035,0.9484447836875916,0.9721630215644836,1.0,1.0,1.0,0
BraTS2021_00299,0.7547770738601685,0.73968106508255,0.887148916721344,0.7938690185546875,2.23606797749979,2.8284271247461903,4.123105625617661,0
BraTS2021_00300,0.9562166333198547,0.9762406349182129,0.9730619788169861,0.9685064156850179,1.0,1.4142135623730951,1.4142135623730951,0
BraTS2021_00301,0.9734667539596558,0.9893772602081299,0.9818472862243652,0.9815637667973837,1.0,1.0,1.0,0
BraTS2021_00303,0.9587554931640625,0.977908730506897,0.983681321144104,0.9734485149383545,1.0,1.0,1.0,0
BraTS2021_00304,0.9048395156860352,0.9729739427566528,0.9774117469787598,0.9517417351404825,1.4142135623730951,1.4142135623730951,1.4142135623730951,0
BraTS2021_00305,0.9437026977539062,0.9682698249816895,0.9475555419921875,0.9531760215759277,1.0,1.0,2.0,0
BraTS2021_00306,0.948246955871582,0.9832454323768616,0.96249920129776,0.9646638631820679,1.0,1.0,1.4142135623730951,0
BraTS2021_00309,0.9543213844299316,0.9770156145095825,0.9658442139625549,0.9657270709673563,1.0,1.0,1.4142135623730951,0
BraTS2021_00310,0.9001116752624512,0.9607257843017578,0.9477663636207581,0.936201274394989,1.4142135623730951,1.4142135623730951,2.0,0
BraTS2021_00311,0.9726355075836182,0.9876442551612854,0.9681244492530823,0.976134737332662,1.0,1.0,1.0,0
BraTS2021_00312,0.9713140726089478,0.9654713273048401,0.9774057865142822,0.9713970621426901,1.0,2.0,1.0,0
BraTS2021_00313,0.6625305414199829,0.8497533798217773,0.9348188638687134,0.8157009283701578,9.94483642762075,5.477225575051661,1.4142135623730951,0
BraTS2021_00314,0.9729490876197815,0.9777503609657288,0.7802928686141968,0.9103307723999023,1.0,1.0,13.076696830622021,0
BraTS2021_00316,0.9746578931808472,0.9842846393585205,0.9759388566017151,0.978293796380361,1.0,1.0,1.0,0
BraTS2021_00317,0.9798827171325684,0.9849570393562317,0.9725520014762878,0.9791305859883627,1.0,1.0,1.0,0
BraTS2021_00318,0.8787427544593811,0.9553745985031128,0.9500061273574829,0.9280411601066589,1.4142135623730951,1.7320508075688772,1.4142135623730951,0
BraTS2021_00320,0.8079873919487,0.9349319934844971,0.8596118688583374,0.8675104180971781,1.4142135623730951,1.4142135623730951,3.3166247903554,0
BraTS2021_00321,0.4087591767311096,0.09589043259620667,0.8297960758209229,0.4448152283827464,3.894236682311426,6.465217406212859,4.123105625617661,0
BraTS2021_00322,0.9589100480079651,0.9861084818840027,0.9778441786766052,0.9742875695228577,1.0,1.0,1.0,0
BraTS2021_00324,0.8538166284561157,0.9547082185745239,0.9322159886360168,0.9135802785555521,2.8284271247461903,1.0,2.0,0
BraTS2021_00325,0.8896042704582214,0.9240657091140747,0.9664046168327332,0.9266915321350098,1.7320508075688772,2.0,1.0,0
BraTS2021_00327,0.9403003454208374,0.928107738494873,0.9783387780189514,0.9489156206448873,2.23606797749979,2.449489742783178,1.0,0
BraTS2021_00328,0.8367863893508911,0.9302501678466797,0.933091402053833,0.9000426530838013,2.23606797749979,2.23606797749979,2.8284271247461903,0
BraTS2021_00329,0.9432840943336487,0.9673500657081604,0.9418350458145142,0.9508230686187744,1.0,1.0,1.4142135623730951,0
BraTS2021_00331,0.051764726638793945,0.007531945127993822,0.8346443176269531,0.2979803297979136,6.078624403783308,15.965530077920853,6.4031242374328485,0
BraTS2021_00332,0.9037102460861206,0.9417040348052979,0.8662471175193787,0.903887132803599,1.0,1.4142135623730951,3.605551275463989,0
BraTS2021_00334,0.9621084928512573,0.9843010902404785,0.9610243439674377,0.9691446423530579,1.0,1.0,13.490737563232042,0
BraTS2021_00336,0.9608842134475708,0.9864321947097778,0.97955721616745,0.9756245414415995,1.0,1.0,1.0,0
BraTS2021_00338,0.8519273996353149,0.8899090886116028,0.868003249168396,0.8699465791384379,4.123105625617661,3.3166247903554,6.708203932499369,0
BraTS2021_00339,0.9774203896522522,0.9861046075820923,0.9849365949630737,0.9828205307324728,1.0,1.0,1.0,0
BraTS2021_00340,0.966937243938446,0.9694451689720154,0.8627594709396362,0.9330472946166992,1.0,1.0,3.4641016151377544,0
BraTS2021_00341,0.9497867226600647,0.9713341593742371,0.9375348687171936,0.9528852502504984,1.0,1.0,1.7320508075688772,0
BraTS2021_00343,0.9631555080413818,0.9657254219055176,0.9225362539291382,0.9504723946253458,1.0,1.0,1.4142135623730951,0
BraTS2021_00344,0.9380947351455688,0.9775681495666504,0.8491255640983582,0.9215961496035258,1.0,1.0,4.47213595499958,0
BraTS2021_00346,0.9599629640579224,0.9687184691429138,0.9851902723312378,0.9712905685106913,1.0,1.0,1.0,0
BraTS2021_00347,0.9424468874931335,0.9820428490638733,0.9713565707206726,0.9652821024258932,1.0,1.0,1.0,0
BraTS2021_00348,0.9245901703834534,0.9411283731460571,0.9434844851493835,0.9364010095596313,1.0,1.0,2.23606797749979,0
BraTS2021_00349,0.9233013987541199,0.9577442407608032,0.9376249313354492,0.9395568569501241,1.4142135623730951,1.7320508075688772,3.0,0
BraTS2021_00350,0.9054698348045349,0.9531851410865784,0.9559635519981384,0.9382061759630839,1.0,1.0,35.93048844644336,0
BraTS2021_00351,0.962145984172821,0.977261483669281,0.9429944157600403,0.9608006278673807,2.23606797749979,8.593577038783778,2.449489742783178,0
BraTS2021_00352,0.7462339997291565,0.8464896082878113,0.9280478358268738,0.8402571479479471,2.23606797749979,3.0,4.242640687119285,0
BraTS2021_00353,0.9652429819107056,0.9772995710372925,0.9197222590446472,0.9540882706642151,1.0,1.4142135623730951,56.484067754657936,0
BraTS2021_00356,0.9456742405891418,0.9771825671195984,0.9791646003723145,0.9673404693603516,1.0,1.0,1.0,0
BraTS2021_00359,0.9678246378898621,0.9800848364830017,0.9832299947738647,0.9770464897155762,1.4142135623730951,1.0,1.0,0
BraTS2021_00360,0.9809725880622864,0.9849064946174622,0.9694292545318604,0.9784361124038696,1.0,1.0,1.4142135623730951,0
BraTS2021_00364,0.978896975517273,0.9909636974334717,0.9776608347892761,0.9825071692466736,1.0,1.0,1.0,0
BraTS2021_00366,0.4765682518482208,0.9595272541046143,0.9585874080657959,0.7982276380062103,32.6680258927643,2.23606797749979,1.7320508075688772,0
BraTS2021_00367,0.8284662365913391,0.8392654657363892,0.9408606886863708,0.8695307970046997,2.8284271247461903,2.23606797749979,1.4142135623730951,0
BraTS2021_00369,0.9195740222930908,0.946678876876831,0.9847148060798645,0.9503225684165955,1.0,3.3166247903554,1.0,0
BraTS2021_00370,0.9568474292755127,0.9869806170463562,0.9838617444038391,0.9758965969085693,1.0,1.0,1.0,0
BraTS2021_00371,0.8940114974975586,0.9855735898017883,0.9895659685134888,0.9563836852709452,2.0,1.0,1.0,0
BraTS2021_00373,0.9660405516624451,0.9741576910018921,0.9289284348487854,0.9563755591710409,1.0,1.0,1.4142135623730951,0
BraTS2021_00375,0.862997829914093,0.8549135327339172,0.9607411623001099,0.8928841749827067,1.0,5.0990195135927845,1.4142135623730951,0
BraTS2021_00376,0.9753036499023438,0.9835776090621948,0.9814099669456482,0.9800970753033956,1.0,1.0,1.0,0
BraTS2021_00377,0.939373254776001,0.9690809845924377,0.9625504016876221,0.9570015470186869,2.449489742783178,1.0,1.0,0
BraTS2021_00378,0.9243531823158264,0.9459429979324341,0.9399195313453674,0.9367385705312093,1.0,1.4142135623730951,1.7320508075688772,0
BraTS2021_00379,0.9016494750976562,0.9406844973564148,0.9606431722640991,0.9343257149060568,1.4142135623730951,2.0,1.0,0
BraTS2021_00380,0.17770035564899445,0.1824500560760498,0.9186386466026306,0.4262630194425583,5.1621559045167835,5.1524426136053965,3.0,0
BraTS2021_00382,0.9134495854377747,0.9620425701141357,0.9293994307518005,0.9349638621012369,1.0,1.7320508075688772,3.0,0
BraTS2021_00383,0.9587734937667847,0.9846322536468506,0.9800418019294739,0.974482516447703,1.0,1.0,1.0,0
BraTS2021_00386,0.9480264186859131,0.9876517653465271,0.9675145745277405,0.9677309195200602,1.0,1.0,1.4142135623730951,0
BraTS2021_00387,0.8884710669517517,0.9056942462921143,0.930136501789093,0.9081006050109863,23.32809307547644,26.250713654444766,4.0,0
BraTS2021_00388,0.8157473206520081,0.9389218091964722,0.952584445476532,0.9024178584416708,3.1622776601683795,2.23606797749979,2.449489742783178,0
BraTS2021_00389,0.9487003087997437,0.9704394340515137,0.9593093395233154,0.9594830274581909,1.0,1.0,1.0,0
BraTS2021_00390,0.8190255165100098,0.8511848449707031,0.9123021960258484,0.8608375191688538,4.212756921743878,4.645856453077921,5.385164807134504,0
BraTS2021_00391,0.8538851737976074,0.9650229811668396,0.9505032300949097,0.9231371283531189,1.4142135623730951,1.4142135623730951,1.4142135623730951,0
BraTS2021_00392,0.9773129224777222,0.9886455535888672,0.9795369505882263,0.9818318088849386,1.0,1.0,1.0,0
BraTS2021_00395,0.958061695098877,0.9714363813400269,0.9749789834022522,0.968159019947052,1.0,1.0,1.0,0
BraTS2021_00397,0.9538507461547852,0.9856467247009277,0.9751713871955872,0.9715562860171,1.0,1.0,1.0,0
BraTS2021_00399,0.9665330648422241,0.9862341284751892,0.9629606008529663,0.9719092647234598,1.0,1.0,1.4142135623730951,0
BraTS2021_00400,0.8365448713302612,0.9480030536651611,0.9775426983833313,0.9206968744595846,2.0,2.449489742783178,2.23606797749979,0
BraTS2021_00401,0.9326416254043579,0.9831816554069519,0.9455996751785278,0.9538076519966125,1.0,1.0,2.449489742783178,0
BraTS2021_00402,0.931617796421051,0.977867841720581,0.964493453502655,0.9579930305480957,1.4142135623730951,1.0,2.0,0
BraTS2021_00403,0.9705731868743896,0.9848240613937378,0.9204315543174744,0.9586096008618673,1.0,1.0,2.0,0
BraTS2021_00404,0.7963255643844604,0.9262996315956116,0.9566875696182251,0.8931042551994324,2.449489742783178,3.0,2.23606797749979,0
BraTS2021_00405,0.9621864557266235,0.9741628766059875,0.9584061503410339,0.9649184942245483,1.0,1.0,1.7320508075688772,0
BraTS2021_00406,0.9593969583511353,0.9676137566566467,0.9666698575019836,0.9645601908365885,1.0,1.4142135623730951,1.7320508075688772,0
BraTS2021_00407,0.8911715745925903,0.946652889251709,0.9280902147293091,0.9219715595245361,1.4142135623730951,1.4142135623730951,2.23606797749979,0
BraTS2021_00409,0.9555225372314453,0.9756051301956177,0.9692550897598267,0.9667942523956299,1.0,1.0,1.7320508075688772,0
BraTS2021_00410,0.9651288986206055,0.9777568578720093,0.8908970355987549,0.9445942640304565,1.0,1.0,2.8284271247461903,0
BraTS2021_00412,6.622515513754479e-08,6.578946454283141e-08,0.969529390335083,0.3231765074499009,17.314729753709134,17.314729753709134,1.0,0
BraTS2021_00413,0.9818376898765564,0.9941393136978149,0.992083728313446,0.9893535772959391,1.0,1.0,1.0,0
BraTS2021_00414,0.8217889070510864,0.9401555061340332,0.972835123538971,0.9115931789080302,1.4142135623730951,3.0,2.0,0
BraTS2021_00416,0.9735937118530273,0.9929104447364807,0.9746261835098267,0.9803767800331116,1.0,1.0,1.0,0
BraTS2021_00417,0.8685154318809509,0.9550003409385681,0.9426805377006531,0.9220654368400574,1.0,1.4142135623730951,3.0,0
BraTS2021_00418,0.9800847172737122,0.9849945306777954,0.910411536693573,0.9584969282150269,1.0,1.0,7.3484692283495345,0
BraTS2021_00419,0.9055881500244141,0.9626969695091248,0.8608816862106323,0.9097222685813904,1.0,1.0,2.8284271247461903,0
BraTS2021_00421,0.9597768187522888,0.9692155122756958,0.9917341470718384,0.973575492699941,1.0,1.0,1.0,0
BraTS2021_00423,0.948661208152771,0.9634917378425598,0.9538540840148926,0.9553356766700745,1.0,1.0,1.4142135623730951,0
BraTS2021_00425,0.9250954389572144,0.9195456504821777,0.960148274898529,0.9349297881126404,1.4142135623730951,1.4142135623730951,2.23606797749979,0
BraTS2021_00426,0.9625592827796936,0.9837424755096436,0.9825363159179688,0.9762793580691019,1.0,1.0,1.0,0
BraTS2021_00429,0.9684920310974121,0.9712364673614502,0.920937180519104,0.9535552263259888,1.0,1.0,2.8284271247461903,0
BraTS2021_00430,0.9500378370285034,0.9742748141288757,0.970386803150177,0.9648998181025187,1.0,1.0,1.0,0
BraTS2021_00431,0.9192764759063721,0.9277310967445374,0.8878182172775269,0.9116085966428121,1.4142135623730951,2.0,6.719322840093227,0
BraTS2021_00432,0.791282057762146,0.873209536075592,0.9163107872009277,0.8602674603462219,9.1104335791443,10.04987562112089,3.3166247903554,0
BraTS2021_00433,0.9779742956161499,0.9879428148269653,0.9791484475135803,0.9816885193188986,1.0,1.0,1.0,0
BraTS2021_00436,0.9654202461242676,0.9865911602973938,0.9855868220329285,0.9791994094848633,1.0,1.0,1.0,0
BraTS2021_00440,0.9367453455924988,0.9669708013534546,0.9327394366264343,0.9454851945241293,1.0,1.0,4.69041575982343,0
BraTS2021_00441,0.9774622321128845,0.9922201037406921,0.9735255241394043,0.981069286664327,1.0,1.0,1.0,0
BraTS2021_00442,0.8987295627593994,0.9671218991279602,0.8945708870887756,0.920140782992045,1.0,1.4142135623730951,13.490737563232042,0
BraTS2021_00443,0.9571546912193298,0.9681716561317444,0.7159852385520935,0.8804371953010559,1.0,1.0,59.30430001273095,0
BraTS2021_00444,0.842997670173645,0.8580999970436096,0.817064106464386,0.8393872578938802,3.605551275463989,5.477225575051661,7.0710678118654755,0
BraTS2021_00445,0.9731665849685669,0.9758620858192444,0.9804285168647766,0.9764857292175293,1.0,1.0,1.0,0
BraTS2021_00446,0.951385498046875,0.9732214212417603,0.9760242104530334,0.9668770432472229,1.0,1.4142135623730951,1.4142135623730951,0
BraTS2021_00448,0.9637595415115356,0.9873639941215515,0.9698406457901001,0.9736547271410624,1.0,1.0,1.0,0
BraTS2021_00449,0.8783218264579773,0.9675523638725281,0.9640633463859558,0.9366458455721537,2.23606797749979,1.7320508075688772,2.23606797749979,0
BraTS2021_00451,0.9443467855453491,0.9675358533859253,0.9566561579704285,0.9561795989672343,1.0,1.7320508075688772,1.4142135623730951,0
BraTS2021_00452,0.9645659923553467,0.9726799130439758,0.9259849786758423,0.9544102946917216,1.0,1.0,2.23606797749979,0
BraTS2021_00453,0.9304072856903076,0.9562073349952698,0.9864566922187805,0.957690437634786,2.23606797749979,2.0,1.0,0
BraTS2021_00454,0.9710416197776794,0.9882037043571472,0.9160980582237244,0.958447794119517,1.0,1.0,2.449489742783178,0
BraTS2021_00455,0.963230550289154,0.9758520722389221,0.989262580871582,0.9761150677998861,1.0,1.0,1.0,0
BraTS2021_00456,0.9271864891052246,0.9564433097839355,0.9658957719802856,0.9498418569564819,1.0,1.4142135623730951,1.4142135623730951,0
BraTS2021_00457,0.9277593493461609,0.9676894545555115,0.9451912641525269,0.946880022684733,1.4142135623730951,1.4142135623730951,2.0,0
BraTS2021_00459,0.8638877272605896,0.8323717713356018,0.981094479560852,0.8924513260523478,2.449489742783178,5.656854249492381,1.7320508075688772,0
BraTS2021_00464,0.9067865610122681,0.9343792200088501,0.9378616213798523,0.9263424674669901,1.4142135623730951,1.4142135623730951,2.0,0
BraTS2021_00466,0.8919846415519714,0.924876868724823,0.9740073680877686,0.930289626121521,1.4142135623730951,2.23606797749979,1.4142135623730951,0
BraTS2021_00468,0.8390393257141113,0.9187272191047668,0.8426662087440491,0.8668109178543091,2.449489742783178,4.242640687119285,6.164414002968976,0
BraTS2021_00469,0.8545396327972412,0.9569752216339111,0.9344881772994995,0.9153343439102173,1.0,1.1449747468303573,2.23606797749979,0
BraTS2021_00470,0.8986470699310303,0.9764203429222107,0.9730029702186584,0.9493567943572998,1.4142135623730951,1.0,1.0,0
BraTS2021_00472,0.8548672795295715,0.9545816779136658,0.9390869736671448,0.9161786437034607,1.4142135623730951,1.4142135623730951,2.23606797749979,0
BraTS2021_00477,0.9308445453643799,0.9593325257301331,0.9388644099235535,0.9430138270060221,1.4142135623730951,1.4142135623730951,2.449489742783178,0
BraTS2021_00478,0.9489704966545105,0.9718512892723083,0.9576283097267151,0.9594833652178446,1.0,1.0,1.4142135623730951,0
BraTS2021_00479,0.9584029912948608,0.9877426624298096,0.9584833979606628,0.9682096838951111,1.0,1.0,2.0,0
BraTS2021_00480,0.9395966529846191,0.9763957858085632,0.9633288383483887,0.9597737590471903,1.0,1.0,1.4142135623730951,0
BraTS2021_00481,0.8959885239601135,0.9670066237449646,0.9618934988975525,0.9416295488675436,1.4142135623730951,1.0,2.23606797749979,0
BraTS2021_00483,0.9253660440444946,0.9812613129615784,0.9258319735527039,0.9441531101862589,1.0,1.0,4.242640687119285,0
BraTS2021_00485,0.5669996738433838,0.5922166109085083,0.8540364503860474,0.6710842450459799,5.0,5.0,4.358898943540674,0
BraTS2021_00488,0.8845244646072388,0.9540393352508545,0.9077016115188599,0.9154218037923177,1.4142135623730951,1.4142135623730951,4.242640687119285,0
BraTS2021_00491,0.8973392844200134,0.9629936814308167,0.9647289514541626,0.9416873057683309,1.0,1.4142135623730951,2.23606797749979,0
BraTS2021_00493,0.8848006129264832,0.9251980781555176,0.41380876302719116,0.7412691513697306,1.4142135623730951,1.4142135623730951,39.8622628559895,0
BraTS2021_00494,0.9521931409835815,0.9860572814941406,0.8289504647254944,0.9224002957344055,1.0,1.0,12.806248474865697,0
BraTS2021_00495,0.9518918395042419,0.9809294939041138,0.9732187390327454,0.9686800241470337,1.0,1.0,1.0,0
BraTS2021_00496,0.8990694284439087,0.9244755506515503,0.8633062839508057,0.8956170876820883,1.4142135623730951,1.0,3.4641016151377544,0
BraTS2021_00498,0.6827352046966553,0.7563061118125916,0.901145339012146,0.780062218507131,10.816653826391969,8.54400374531753,6.4031242374328485,0
BraTS2021_00499,0.959567666053772,0.9868273138999939,0.973412811756134,0.9732692639032999,1.0,1.0,1.0,0
BraTS2021_00500,0.8668726682662964,0.9043001532554626,0.928469717502594,0.899880846341451,2.23606797749979,2.449489742783178,2.0,0
BraTS2021_00501,0.8841569423675537,0.9284850358963013,0.9230142831802368,0.9118854204813639,1.0,1.7320508075688772,12.36931687685298,0
BraTS2021_00502,0.9077786207199097,0.9557676911354065,0.7594362497329712,0.8743275205294291,1.4142135623730951,1.4142135623730951,7.0710678118654755,0
BraTS2021_00504,0.8708740472793579,0.8719423413276672,0.9771506786346436,0.9066556890805563,5.196152422706632,4.58257569495584,1.4142135623730951,0
BraTS2021_00505,0.9408826231956482,0.983729362487793,0.9497241377830505,0.9581120411554972,1.0,1.0,3.0,0
BraTS2021_00506,0.9537262320518494,0.9869979023933411,0.9648341536521912,0.9685194293657938,1.0,1.0,2.23606797749979,0
BraTS2021_00507,0.8897536396980286,0.9505171179771423,0.9697685241699219,0.9366797606150309,1.4142135623730951,1.7320508075688772,1.4142135623730951,0
BraTS2021_00510,0.9164710640907288,0.9681928157806396,0.9324228167533875,0.9390288988749186,1.4142135623730951,1.7320508075688772,2.449489742783178,0
BraTS2021_00511,0.9476571083068848,0.9878336787223816,0.9630460143089294,0.9661789337793986,1.0,1.0,1.4142135623730951,0
BraTS2021_00512,0.8307616710662842,0.9146125316619873,0.936947762966156,0.8941073218981425,2.8284271247461903,3.605551275463989,2.8284271247461903,0
BraTS2021_00513,0.9488218426704407,0.9876771569252014,0.9201727509498596,0.9522239168485006,1.0,1.0,4.242640687119285,0
BraTS2021_00514,0.9818744659423828,0.9873895049095154,0.8559838533401489,0.9417492747306824,1.0,1.0,9.899494936611665,0
BraTS2021_00516,0.9035263061523438,0.9821531176567078,0.9752621650695801,0.9536471962928772,2.23606797749979,1.0,1.4142135623730951,0
BraTS2021_00517,0.9435019493103027,0.9518305659294128,0.9684361219406128,0.9545895457267761,1.0,1.0,1.4142135623730951,0
BraTS2021_00518,0.8767290115356445,0.972018301486969,0.9671006798744202,0.9386159976323446,1.4142135623730951,1.0,1.0,0
BraTS2021_00519,0.9385532140731812,0.9559847116470337,0.9378047585487366,0.9441142280896505,1.0,2.23606797749979,2.23606797749979,0
BraTS2021_00520,0.9201900362968445,0.9809488654136658,0.9442064166069031,0.9484484394391378,1.0,1.0,2.0,0
BraTS2021_00523,0.7326276898384094,0.7729681730270386,0.9040265679359436,0.8032074769337972,2.23606797749979,2.23606797749979,3.7416573867739413,0
BraTS2021_00524,0.886770486831665,0.9776192307472229,0.9355433583259583,0.9333110253016154,1.0,1.0,5.385164807134504,0
BraTS2021_00525,0.6550976037979126,0.8168317079544067,0.9588099718093872,0.8102464278539022,2.0,2.0,2.23606797749979,0
BraTS2021_00526,0.8923819661140442,0.976521372795105,0.9436191916465759,0.9375075101852417,2.23606797749979,1.0,19.68247558518052,0
BraTS2021_00528,0.8492894172668457,0.8633927702903748,0.8289708495140076,0.8472176790237427,2.449489742783178,22.22611077089287,44.69899327725402,0
BraTS2021_00529,0.8080841302871704,0.9373608231544495,0.8899502158164978,0.8784650564193726,1.7320508075688772,1.4142135623730951,9.1104335791443,0
BraTS2021_00530,0.527828574180603,0.9001259207725525,0.972613513469696,0.8001893361409506,3.0,1.4142135623730951,1.0,0
BraTS2021_00532,0.7576732635498047,0.8395203948020935,0.970227837562561,0.8558071653048197,3.1622776601683795,3.7416573867739413,2.0,0
BraTS2021_00533,0.9048053622245789,0.978122353553772,0.962453305721283,0.9484603404998779,1.4142135623730951,1.0,2.0,0
BraTS2021_00537,0.8665601015090942,0.913594663143158,0.8070583939552307,0.8624043862024943,2.23606797749979,2.0,11.445523142259598,0
BraTS2021_00538,0.8726282119750977,0.9422398805618286,0.8554444909095764,0.8901041944821676,1.0,1.4142135623730951,6.082762530298219,0
BraTS2021_00539,0.9088706970214844,0.9825056791305542,0.9512826204299927,0.9475529988606771,1.0,1.0,6.164414002968976,0
BraTS2021_00540,0.4682926833629608,0.4682926833629608,0.8704223036766052,0.6023358901341757,2.0,2.0,3.0,0
BraTS2021_00542,0.9730137586593628,0.9840551614761353,0.9137036204338074,0.9569241801897684,1.0,1.0,5.196152422706632,0
BraTS2021_00543,0.35554805397987366,0.35485830903053284,0.9649211764335632,0.5584425131479899,8.774964387392123,9.695359714832659,1.4142135623730951,0
BraTS2021_00544,0.939833402633667,0.9813360571861267,0.9189627766609192,0.9467107454935709,1.0,1.0,1.7320508075688772,0
BraTS2021_00545,0.9075140357017517,0.968288779258728,0.9601488709449768,0.9453172286351522,1.0,1.0,1.7320508075688772,0
BraTS2021_00547,0.8911977410316467,0.9684626460075378,0.9594298601150513,0.939696749051412,1.7320508075688772,1.0,1.0,0
BraTS2021_00548,0.9196178913116455,0.9704447388648987,0.9315758943557739,0.9405461748441061,1.0,1.4142135623730951,4.58257569495584,0
BraTS2021_00549,0.8267620801925659,0.9869512319564819,0.979731023311615,0.931148111820221,3.605551275463989,1.0,1.0,0
BraTS2021_00550,0.7197922468185425,0.7967844605445862,0.8759171962738037,0.7974979678789774,4.242640687119285,4.123105625617661,3.3166247903554,0
BraTS2021_00551,0.9009615778923035,0.9770826101303101,0.9553913474082947,0.9444785118103027,1.4142135623730951,1.0,2.449489742783178,0
BraTS2021_00552,0.89491868019104,0.9313613772392273,0.9061906337738037,0.9108235637346903,8.660254037844387,12.529964086141668,5.385164807134504,0
BraTS2021_00554,0.9549427628517151,0.989234209060669,0.9591813683509827,0.9677861134211222,1.0,1.0,1.4142135623730951,0
BraTS2021_00555,0.7924137711524963,0.8503174781799316,0.8389930725097656,0.8272414406140646,2.8284271247461903,3.1622776601683795,5.0,0
BraTS2021_00556,0.7991384267807007,0.8972676992416382,0.9396809935569763,0.8786957065264384,3.0,4.58257569495584,4.242640687119285,0
BraTS2021_00557,0.9341353178024292,0.9652712345123291,0.9878486394882202,0.9624183972676595,1.0,1.0,1.0,0
BraTS2021_00558,0.9318253397941589,0.9897143244743347,0.9657585620880127,0.9624327421188354,1.4142135623730951,1.0,1.7320508075688772,0
BraTS2021_00559,0.9421916604042053,0.9757004976272583,0.8550893664360046,0.9243271748224894,1.0,1.0,13.152946437965905,0
BraTS2021_00561,0.9736188650131226,0.9876506924629211,0.9760338068008423,0.9791011214256287,1.0,1.0,1.0,0
BraTS2021_00563,0.9645007848739624,0.981697678565979,0.9749847650527954,0.9737277428309122,1.0,1.0,1.0,0
BraTS2021_00565,0.9664618372917175,0.9839772582054138,0.9492484927177429,0.9665625294049581,1.0,1.0,1.4142135623730951,0
BraTS2021_00567,0.9160271286964417,0.9592937231063843,0.9335824847221375,0.9363011121749878,1.4142135623730951,1.4142135623730951,1.4142135623730951,0
BraTS2021_00568,0.9427980184555054,0.9365485310554504,0.884770929813385,0.9213724931081136,1.0,3.0,29.154759474226502,0
BraTS2021_00569,0.951461911201477,0.9785690903663635,0.7671286463737488,0.8990532159805298,1.0,1.4142135623730951,58.27520913733386,0
BraTS2021_00570,0.887848436832428,0.9452876448631287,0.8664742112159729,0.8998700976371765,1.7320508075688772,1.4142135623730951,4.0,0
BraTS2021_00571,0.9108551740646362,0.9325653910636902,0.9493383765220642,0.9309196472167969,3.1622776601683795,4.123105625617661,2.0,0
BraTS2021_00572,0.9309872984886169,0.9354667663574219,0.920539140701294,0.9289977351824442,1.7320508075688772,2.23606797749979,3.7416573867739413,0
BraTS2021_00574,0.9726725816726685,0.9790245890617371,0.9415056705474854,0.9644009470939636,1.0,1.0,1.4142135623730951,0
BraTS2021_00575,0.9522867202758789,0.9775199890136719,0.9575997591018677,0.9624688227971395,1.0,1.0,1.4142135623730951,0
BraTS2021_00576,0.7431995272636414,0.8755849003791809,0.9065837264060974,0.8417893846829733,4.69041575982343,3.605551275463989,4.123105625617661,0
BraTS2021_00577,0.9558729529380798,0.9838319420814514,0.975881040096283,0.9718619783719381,1.0,1.0,1.0,0
BraTS2021_00578,0.888605535030365,0.9662179946899414,0.9726957082748413,0.9425064126650492,1.7320508075688772,2.0,1.4142135623730951,0
BraTS2021_00579,0.9617358446121216,0.9822353720664978,0.974087119102478,0.9726861119270325,1.0,1.0,1.0,0
BraTS2021_00580,0.9209371209144592,0.9511030316352844,0.9483599662780762,0.9401333729426066,1.0,2.0,3.0,0
BraTS2021_00581,0.9583256840705872,0.9742580652236938,0.9492713809013367,0.9606183767318726,1.0,1.4142135623730951,2.449489742783178,0
BraTS2021_00582,0.9492715001106262,0.9511414766311646,0.7698020339012146,0.8900716702143351,1.0,1.0,73.66138744281159,0
BraTS2021_00583,0.9178821444511414,0.9647291898727417,0.9697495698928833,0.9507869680722555,1.0,1.4142135623730951,1.7320508075688772,0
BraTS2021_00584,0.9636524319648743,0.9631640315055847,0.49400803446769714,0.8069414993127187,1.0,1.0,74.74556837362732,0
BraTS2021_00586,0.9577775001525879,0.9875017404556274,0.9815966486930847,0.9756252964337667,1.0,1.0,1.0,0
BraTS2021_00587,0.9117769002914429,0.9654800891876221,0.9300247430801392,0.9357605775197347,1.0,1.7320508075688772,3.4641016151377544,0
BraTS2021_00588,0.8870392441749573,0.8699535727500916,0.9089199304580688,0.8886375824610392,8.774964387392123,8.306623862918075,3.605551275463989,0
BraTS2021_00589,0.9470410346984863,0.9791187644004822,0.9147742390632629,0.9469780127207438,1.0,1.4142135623730951,6.708203932499369,0
BraTS2021_00590,0.9560935497283936,0.9199917912483215,0.9456033110618591,0.940562884012858,1.0,3.0,1.4142135623730951,0
BraTS2021_00591,0.9450957179069519,0.9730671048164368,0.9472417235374451,0.9551348487536112,1.0,1.7320508075688772,2.23606797749979,0
BraTS2021_00593,0.9357312321662903,0.9695467948913574,0.9687516093254089,0.9580098787943522,1.0,1.4142135623730951,1.4142135623730951,0
BraTS2021_00594,0.9432229399681091,0.9627065658569336,0.9182205200195312,0.9413833419481913,1.0,1.4142135623730951,14.212670403551895,0
BraTS2021_00596,0.9392706751823425,0.9820876717567444,0.9711938500404358,0.9641840656598409,1.0,1.0,1.4142135623730951,0
BraTS2021_00597,3.508771939664257e-08,3.1075200190855412e-09,0.9520677924156189,0.3173559435369528,47.8748368143433,48.59783816363457,2.0,0
BraTS2021_00598,0.9164441227912903,0.9657611846923828,0.9275010824203491,0.9365687966346741,1.0,1.4142135623730951,2.0,0
BraTS2021_00599,0.9625774025917053,0.9751473069190979,0.9602380394935608,0.9659875830014547,1.0,1.0,1.4142135623730951,0
BraTS2021_00601,0.871065080165863,0.9709047675132751,0.9420046210289001,0.9279914895693461,2.23606797749979,1.0,2.23606797749979,0
BraTS2021_00602,0.9666123986244202,0.9662289619445801,0.9620915055274963,0.9649776220321655,1.0,1.0,1.0,0
BraTS2021_00604,0.5672163367271423,0.9345995187759399,0.9859583973884583,0.8292580842971802,7.280109889280518,3.605551275463989,1.0,0
BraTS2021_00605,0.9741476774215698,0.9825047254562378,0.9757752418518066,0.9774758815765381,1.0,1.4142135623730951,1.0,0
BraTS2021_00606,0.951623260974884,0.9766287207603455,0.9538399577140808,0.9606973131497701,1.0,1.4142135623730951,2.23606797749979,0
BraTS2021_00607,0.9711467623710632,0.9723449945449829,0.839307427406311,0.9275997281074524,1.0,1.0,3.605551275463989,0
BraTS2021_00608,0.7919871807098389,0.9639349579811096,0.9617322683334351,0.9058848023414612,2.0,1.7320508075688772,2.449489742783178,0
BraTS2021_00610,0.8980197310447693,0.9456632137298584,0.9211108684539795,0.921597937742869,1.0,1.0,8.06225774829855,0
BraTS2021_00611,0.8931233286857605,0.9732748866081238,0.7424518465995789,0.869616687297821,1.0,1.0,8.0,0
BraTS2021_00612,0.7842721939086914,0.8453208208084106,0.968927800655365,0.8661736051241556,4.123105625617661,3.7416573867739413,2.23606797749979,0
BraTS2021_00613,0.9044530987739563,0.9597414135932922,0.848129153251648,0.9041078885396322,1.0,1.0,4.0,0
BraTS2021_00615,0.9073273539543152,0.9557010531425476,0.9430063962936401,0.935344934463501,1.0,1.0,1.0,0
BraTS2021_00616,0.9690788388252258,0.9909124970436096,0.9647010564804077,0.9748974641164144,1.0,1.0,1.0,0
BraTS2021_00618,0.9710038304328918,0.9913022518157959,0.9609951376914978,0.9744337399800619,1.0,1.0,41.648527932719595,0
BraTS2021_00619,0.958034873008728,0.9788037538528442,0.9407999515533447,0.959212859471639,1.0,1.0,1.4142135623730951,0
BraTS2021_00620,0.9770312309265137,0.9826289415359497,0.9618725776672363,0.9738442500432333,1.0,1.0,1.0,0
BraTS2021_00621,0.44104307889938354,0.44095975160598755,0.7923560738563538,0.5581196347872416,9.431323651436106,9.431323651436106,7.280109889280518,0
BraTS2021_00622,0.9532070159912109,0.9631208777427673,0.9139907360076904,0.9434395432472229,1.0,1.0,3.3166247903554,0
BraTS2021_00623,0.9668360948562622,0.9844826459884644,0.906100332736969,0.9524730245272318,1.0,1.0,17.46424919657298,0
BraTS2021_00624,0.8935079574584961,0.9724764823913574,0.8899469375610352,0.9186437924702963,1.0,1.0,10.04987562112089,0
BraTS2021_00625,0.9616202712059021,0.9911584258079529,0.9644319415092468,0.9724035461743673,1.0,1.0,2.0,0
BraTS2021_00626,0.9422256946563721,0.9552186131477356,0.9561786651611328,0.9512076576550802,1.0,1.0,1.0,0
BraTS2021_00628,0.935602068901062,0.9517933130264282,0.9350728988647461,0.9408227602640787,2.8284271247461903,1.0,1.4142135623730951,0
BraTS2021_00630,0.8280154466629028,0.8409786224365234,0.9152181148529053,0.8614040613174438,39.50949253027682,41.02438299353203,19.0,0
BraTS2021_00631,0.9679034948348999,0.9922640919685364,0.9759989976882935,0.9787221948305765,1.0,1.0,1.4142135623730951,0
BraTS2021_00636,0.9636818766593933,0.9837073683738708,0.9553609490394592,0.9675833980242411,1.0,1.0,1.4142135623730951,0
BraTS2021_00638,0.9338366985321045,0.9392982721328735,0.7233641147613525,0.8654996951421102,1.4142135623730951,1.0,9.273618495495704,0
BraTS2021_00639,0.9574403166770935,0.9773164987564087,0.9830173850059509,0.9725914001464844,1.0,1.0,1.0,0
BraTS2021_00640,0.9326460957527161,0.9848803877830505,0.9356740713119507,0.9510668516159058,1.0,1.0,4.123105625617661,0
BraTS2021_00641,0.9477133750915527,0.9887447357177734,0.9518294930458069,0.9627625346183777,1.0,1.0,4.242640687119285,0
BraTS2021_00642,0.9573025703430176,0.9760944247245789,0.7341002821922302,0.8891657590866089,1.0,1.0,11.0,0
BraTS2021_00645,0.9570780992507935,0.9734303951263428,0.9142052531242371,0.9482379158337911,1.0,1.0,2.23606797749979,0
BraTS2021_00646,0.9779238700866699,0.9830226302146912,0.9474114179611206,0.9694526394208273,1.0,1.0,2.0,0
BraTS2021_00649,0.9630584716796875,0.9939708709716797,0.9593551158905029,0.97212815284729,1.0,1.0,2.8284271247461903,0
BraTS2021_00650,0.9802327752113342,0.9832671880722046,0.9566406607627869,0.9733802080154419,1.0,1.0,1.4142135623730951,0
BraTS2021_00651,0.9468639492988586,0.976017415523529,0.9670959711074829,0.9633257786432902,1.0,1.0,1.0,0
BraTS2021_00652,0.8778727054595947,0.9735695719718933,0.9844589829444885,0.9453004201253256,3.0,1.0,1.0,0
BraTS2021_00654,0.941013514995575,0.9803900122642517,0.8725956678390503,0.931333065032959,1.0,1.0,7.0710678118654755,0
BraTS2021_00655,0.9453483819961548,0.969234824180603,0.9558503031730652,0.9568111697832743,1.0,1.4142135623730951,1.986602540377664,0
BraTS2021_00656,0.7437071204185486,0.25808194279670715,0.9642150402069092,0.6553347011407217,3.0,25.573423705088842,41.49698784249286,0
BraTS2021_00657,0.950445294380188,0.9889186024665833,0.9638373255729675,0.9677337408065796,1.0,1.0,1.4142135623730951,0
BraTS2021_00658,0.9054340124130249,0.9744792580604553,0.9610061049461365,0.9469731251398722,1.0,1.0,1.7320508075688772,0
BraTS2021_00659,0.842620849609375,0.934026837348938,0.9031624794006348,0.8932700554529825,1.7320508075688772,1.7320508075688772,17.233687939614086,0
BraTS2021_00661,0.9499184489250183,0.9778621196746826,0.9238529205322266,0.9505444963773092,1.0,1.0,3.605551275463989,0
BraTS2021_00663,0.9795411825180054,0.9884492754936218,0.9680165648460388,0.978669007619222,1.0,1.0,1.0,0
BraTS2021_00667,0.970459520816803,0.9847248792648315,0.969942569732666,0.9750423232714335,1.0,1.0,1.0,0
BraTS2021_00668,0.8958333134651184,0.8958333134651184,0.9095807671546936,0.9004157980283102,1.0,1.0,3.0,0
BraTS2021_00674,0.9162237644195557,0.9771221280097961,0.9675858020782471,0.9536438981691996,1.0,1.0,1.0,0
BraTS2021_00675,0.9125620722770691,0.9328205585479736,0.9428593516349792,0.9294139941533407,1.4142135623730951,1.7320508075688772,2.0,0
BraTS2021_00676,0.8947502970695496,0.9573338031768799,0.9452685713768005,0.9324508905410767,1.4142135623730951,2.23606797749979,2.8284271247461903,0
BraTS2021_00677,0.9039368033409119,0.9267719388008118,0.9585402011871338,0.9297496477762858,2.23606797749979,3.1622776601683795,2.8284271247461903,0
BraTS2021_00679,0.8651361465454102,0.9350023865699768,0.9766743183135986,0.9256042838096619,2.449489742783178,2.0,1.0,0
BraTS2021_00680,0.9521234035491943,0.9680458903312683,0.9576067924499512,0.9592586954434713,1.0,1.0,1.4142135623730951,0
BraTS2021_00682,0.9453945755958557,0.9774535894393921,0.9512754082679749,0.9580411911010742,1.0,1.0,1.4142135623730951,0
BraTS2021_00683,0.897071361541748,0.9667963981628418,0.9699737429618835,0.9446138342221578,1.0,1.7320508075688772,1.0,0
BraTS2021_00684,0.6095682382583618,0.7165202498435974,0.8239436745643616,0.7166773875554403,5.916079783099616,4.0,3.605551275463989,0
BraTS2021_00685,0.9194904565811157,0.9842327833175659,0.8995634913444519,0.9344289104143778,1.0,1.0,3.7416573867739413,0
BraTS2021_00686,0.9125013947486877,0.9775646328926086,0.9763575196266174,0.9554745157559713,1.4142135623730951,1.0,1.4142135623730951,0
BraTS2021_00687,0.9283190965652466,0.9586938619613647,0.9663534760475159,0.9511221448580424,1.0,1.4142135623730951,1.7320508075688772,0
BraTS2021_00688,0.922419548034668,0.9677096605300903,0.9354512095451355,0.9418601393699646,1.0,1.0,1.7320508075688772,0
BraTS2021_00689,0.9578766822814941,0.9907978177070618,0.9620975255966187,0.9702573418617249,1.0,1.0,2.449489742783178,0
BraTS2021_00690,0.8803128004074097,0.9567081332206726,0.9495499134063721,0.9288569490114847,1.0,1.0,1.4142135623730951,0
BraTS2021_00691,0.9440449476242065,0.9849783778190613,0.9271576404571533,0.952060321966807,1.0,1.0,3.0,0
BraTS2021_00692,0.9264968633651733,0.9585111141204834,0.9531307816505432,0.9460462530454,1.0,1.0,1.4142135623730951,0
BraTS2021_00693,0.8462955951690674,0.8836522102355957,0.9274919629096985,0.8858132561047872,2.23606797749979,2.23606797749979,2.23606797749979,0
BraTS2021_00694,0.9094424843788147,0.9282214045524597,0.8855132460594177,0.9077257116635641,1.0,1.0828427124746378,3.605551275463989,0
BraTS2021_00697,0.9588868021965027,0.9881441593170166,0.9494519233703613,0.9654942949612936,1.0,1.0,1.4142135623730951,0
BraTS2021_00698,0.9597291946411133,0.9834624528884888,0.9495985507965088,0.964263399442037,1.0,1.0,3.3166247903554,0
BraTS2021_00703,0.9328304529190063,0.9738510847091675,0.9520573019981384,0.9529129465421041,1.0,1.0,1.4142135623730951,0
BraTS2021_00704,0.9383962154388428,0.9899415373802185,0.9630868434906006,0.9638081987698873,1.0,1.0,2.23606797749979,0
BraTS2021_00705,0.8844478726387024,0.9268888831138611,0.8845304250717163,0.8986223936080933,2.449489742783178,1.7320508075688772,4.47213595499958,0
BraTS2021_00706,0.9091411828994751,0.9628517627716064,0.9524323344230652,0.9414750933647156,1.4142135623730951,2.449489742783178,4.0,0
BraTS2021_00707,0.9588894844055176,0.9694505929946899,0.9519955515861511,0.9601118763287863,1.0,1.0,1.0,0
BraTS2021_00708,0.9081185460090637,0.9622516632080078,0.9586727619171143,0.9430143237113953,1.4142135623730951,1.0,1.0,0
BraTS2021_00709,0.9441883563995361,0.9703896045684814,0.9719432592391968,0.9621737400690714,1.0,1.0,1.0,0
BraTS2021_00714,0.9222151637077332,0.9771283268928528,0.9744206666946411,0.9579213857650757,1.0,1.0,1.0,0
BraTS2021_00715,0.9616777896881104,0.9723040461540222,0.9637136459350586,0.9658984939257304,1.0,1.0,1.4142135623730951,0
BraTS2021_00716,0.9502749443054199,0.9842885732650757,0.968394935131073,0.9676528175671896,1.0,1.0,1.0,0
BraTS2021_00718,0.9159413576126099,0.973379909992218,0.9562768340110779,0.9485327005386353,1.4142135623730951,1.0,2.0,0
BraTS2021_00723,0.9244073629379272,0.9651013612747192,0.966002881526947,0.9518372019131979,1.0,1.4142135623730951,1.4142135623730951,0
BraTS2021_00724,0.9339263439178467,0.9777316451072693,0.972308874130249,0.961322287718455,1.0,1.0,1.0,0
BraTS2021_00725,0.9392156600952148,0.941632091999054,0.9106730818748474,0.9305069446563721,1.0,1.0,3.605551275463989,0
BraTS2021_00727,0.872665524482727,0.9547300338745117,0.9622960090637207,0.9298971891403198,1.7320508075688772,2.23606797749979,1.4142135623730951,0
BraTS2021_00728,0.9327467083930969,0.9493201375007629,0.9611304402351379,0.9477324287096659,1.0,1.0,1.0,0
BraTS2021_00729,0.9608469605445862,0.9820294380187988,0.9256042838096619,0.9561602274576823,1.0,1.0,2.449489742783178,0
BraTS2021_00730,0.9174748659133911,0.94773930311203,0.9779374003410339,0.9477171897888184,1.4142135623730951,2.0,1.0,0
BraTS2021_00731,0.8319461941719055,0.8338127136230469,0.6867033243179321,0.7841540773709615,2.23606797749979,2.23606797749979,8.774964387392123,0
BraTS2021_00732,0.8616136908531189,0.8960217237472534,0.850422203540802,0.8693525393803915,1.0,1.0,4.242640687119285,0
BraTS2021_00733,0.9259336590766907,0.9851808547973633,0.9669076204299927,0.9593407114346822,1.0,1.0,2.23606797749979,0
BraTS2021_00734,0.8742319345474243,0.966299831867218,0.9311490058898926,0.9238935907681783,1.4142135623730951,1.4142135623730951,5.385164807134504,0
BraTS2021_00735,0.9292880892753601,0.9310755729675293,0.9059547781944275,0.922106146812439,1.0,1.0,3.1622776601683795,0
BraTS2021_00736,0.8649386167526245,0.9331201910972595,0.8362107276916504,0.8780898451805115,1.4142135623730951,2.0,3.7416573867739413,0
BraTS2021_00737,0.922815203666687,0.9471369981765747,0.9434343576431274,0.9377955198287964,1.4142135623730951,1.7320508075688772,1.4142135623730951,0
BraTS2021_00739,0.9340791702270508,0.9428145885467529,0.9684650897979736,0.9484529495239258,1.4142135623730951,1.4142135623730951,1.4142135623730951,0
BraTS2021_00740,0.8586578369140625,0.9214155077934265,0.9618256092071533,0.9139663179715475,1.4142135623730951,1.7320508075688772,1.7320508075688772,0
BraTS2021_00742,0.8499941825866699,0.9249547123908997,0.9470833539962769,0.9073440829912821,1.7320508075688772,2.8284271247461903,1.7320508075688772,0
BraTS2021_00744,0.9479699730873108,0.9771799445152283,0.9726700782775879,0.965939998626709,1.0,1.0,1.0,0
BraTS2021_00746,0.8346632122993469,0.9371362328529358,0.9366398453712463,0.9028130968411764,2.0,1.7320508075688772,1.4142135623730951,0
BraTS2021_00747,0.9295719265937805,0.9637933373451233,0.944584846496582,0.945983370145162,1.0,1.4142135623730951,2.23606797749979,0
BraTS2021_00750,0.9578385353088379,0.9863861203193665,0.9682421088218689,0.970822254816691,1.0,1.0,1.0,0
BraTS2021_00751,0.9520584940910339,0.9863923192024231,0.9386482834815979,0.9590330322583517,1.0,1.0,3.605551275463989,0
BraTS2021_00753,0.5141584277153015,0.5141584277153015,0.4826498329639435,0.5036555627981821,17.46424919657298,17.46424919657298,16.0,0
BraTS2021_00756,0.9336550831794739,0.9781867861747742,0.9615181684494019,0.9577866792678833,1.0,1.0,2.0,0
BraTS2021_00757,0.8735446929931641,0.933556854724884,0.868266761302948,0.891789436340332,2.0,2.8284271247461903,9.486832980505138,0
BraTS2021_00758,0.963165819644928,0.9749045968055725,0.9637966752052307,0.9672890305519104,1.0,1.0,1.0,0
BraTS2021_00759,0.9554665088653564,0.9841338396072388,0.9489817023277283,0.9628606836001078,1.0,1.0,3.0,0
BraTS2021_00760,0.943513810634613,0.9802318811416626,0.9685099720954895,0.9640852212905884,1.0,1.0,1.4142135623730951,0
BraTS2021_00764,0.9041292071342468,0.9275725483894348,0.8438711762428284,0.89185764392217,1.4142135623730951,2.0,9.643650760992955,0
BraTS2021_00765,0.8399147987365723,0.8935484886169434,0.9265283346176147,0.8866638739903768,1.7320508075688772,3.0,3.0,0
BraTS2021_00767,0.9379734396934509,0.9692342281341553,0.9621273279190063,0.9564449985822042,1.0,1.4142135623730951,2.23606797749979,0
BraTS2021_00768,0.8942030668258667,0.30366063117980957,0.9588356614112854,0.7188997864723206,1.7320508075688772,33.31666249791537,61.36611304379251,0
BraTS2021_00772,0.9311723113059998,0.9709548354148865,0.8603465557098389,0.9208245674769083,1.0,1.0,47.644516998286385,0
BraTS2021_00773,0.9208188056945801,0.9573019742965698,0.9311378002166748,0.9364195267359415,1.0,1.4142135623730951,3.4641016151377544,0
BraTS2021_00774,0.952015221118927,0.9592369198799133,0.9720761179924011,0.9611094196637472,1.0,1.0,1.0,0
BraTS2021_00775,0.9289416670799255,0.948975682258606,0.9520878791809082,0.9433350761731466,1.4142135623730951,1.4142135623730951,2.23606797749979,0
BraTS2021_00777,0.9312956929206848,0.9841098785400391,0.9693868160247803,0.9615974624951681,1.0,1.0,1.4142135623730951,0
BraTS2021_00778,0.9482126832008362,0.9727323651313782,0.9216600656509399,0.9475350379943848,1.0,1.0,3.4641016151377544,0
BraTS2021_00780,0.9736644625663757,0.9853450655937195,0.9766565561294556,0.9785553614298502,1.0,1.0,1.0,0
BraTS2021_00781,0.9780699610710144,0.9856538772583008,0.9438794851303101,0.9692011078198751,1.0,1.0,3.7416573867739413,0
BraTS2021_00782,0.9732857346534729,0.982136070728302,0.9678825736045837,0.9744347929954529,1.0,1.0,1.4142135623730951,0
BraTS2021_00784,0.9526729583740234,0.9770275950431824,0.9765534996986389,0.9687513510386149,2.23606797749979,1.0,1.4142135623730951,0
BraTS2021_00787,0.9510828852653503,0.9818335175514221,0.9247666597366333,0.9525610208511353,4.123105625617661,1.0,2.23606797749979,0
BraTS2021_00788,0.9430708885192871,0.9507098197937012,0.6950168609619141,0.8629325230916342,1.7320508075688772,1.0,73.01369734508724,0
BraTS2021_00789,0.9514482021331787,0.9821212887763977,0.9911871552467346,0.9749188820521036,1.0,1.0,1.0,0
BraTS2021_00791,0.9549378156661987,0.9812731742858887,0.9607864618301392,0.9656658172607422,1.0,1.0,2.23606797749979,0
BraTS2021_00792,0.8882613778114319,0.923477053642273,0.8882805109024048,0.9000063141187032,2.449489742783178,3.3166247903554,11.045361017187261,0
BraTS2021_00793,0.8715530037879944,0.9801095128059387,0.9095485210418701,0.9204036792119344,3.0,1.0,5.477225575051661,0
BraTS2021_00795,0.8684728145599365,0.8914129137992859,0.926177978515625,0.8953545689582825,2.8284271247461903,2.8284271247461903,2.8284271247461903,0
BraTS2021_00796,0.972823977470398,0.985244870185852,0.971544623374939,0.976537823677063,1.0,1.0,1.0,0
BraTS2021_00797,0.9030114412307739,0.9412021040916443,0.9634516835212708,0.935888409614563,2.23606797749979,3.0,3.0,0
BraTS2021_00799,0.9571417570114136,0.9808716177940369,0.9431021213531494,0.9603718320528666,1.0,1.0,2.23606797749979,0
BraTS2021_00800,0.933897078037262,0.9550215601921082,0.966486394405365,0.9518016775449117,1.0,1.0,1.0,0
BraTS2021_00801,0.941062331199646,0.9652846455574036,0.9896648526191711,0.9653372764587402,1.0,1.4142135623730951,1.0,0
BraTS2021_00802,0.9596782326698303,0.9622584581375122,0.7835233211517334,0.9018200039863586,1.4142135623730951,1.0,11.575836902790225,0
BraTS2021_00803,0.9343585968017578,0.9764919281005859,0.9777740240097046,0.9628748496373495,3.605551275463989,1.0,1.0,0
BraTS2021_00804,0.9592050909996033,0.9826008081436157,0.9701907634735107,0.9706655542055765,1.0,1.0,1.0,0
BraTS2021_00805,0.8042653203010559,0.8671571016311646,0.9673773050308228,0.879599908987681,2.23606797749979,2.449489742783178,1.4142135623730951,0
BraTS2021_00806,0.9316459894180298,0.9539142847061157,0.9786548614501953,0.9547383785247803,1.7320508075688772,3.1622776601683795,1.0,0
BraTS2021_00807,0.9061415195465088,0.965024471282959,0.9241915941238403,0.9317858616511027,1.7320508075688772,1.7320508075688772,4.0,0
BraTS2021_00808,0.9227431416511536,0.9754494428634644,0.9710822105407715,0.9564249316851298,2.0,1.0,2.0,0
BraTS2021_00809,0.9592316150665283,0.9783664345741272,0.9707738161087036,0.9694572885831197,1.0,1.0,1.4142135623730951,0
BraTS2021_00810,0.9192854762077332,0.9432051777839661,0.9864883422851562,0.9496596654256185,4.521833837979776,2.23606797749979,1.0,0
BraTS2021_00811,0.9004971385002136,0.964728593826294,0.9794222712516785,0.9482160011927286,1.4142135623730951,2.0,1.0,0
BraTS2021_00814,0.9505742192268372,0.9660173058509827,0.9747730493545532,0.9637881914774576,1.4142135623730951,1.4142135623730951,1.4142135623730951,0
BraTS2021_00816,0.9648671746253967,0.9846959710121155,0.9885896444320679,0.9793842633565267,1.0,1.0,1.0,0
BraTS2021_00818,0.9162192940711975,0.9638845324516296,0.9803032279014587,0.9534690181414286,2.0,2.23606797749979,1.0,0
BraTS2021_00819,0.9442307353019714,0.9845224022865295,0.988824725151062,0.972525954246521,1.0,1.0,1.0,0
BraTS2021_00820,0.9652664661407471,0.9715883135795593,0.8662834763526917,0.9343794186909994,1.0,1.0,3.605551275463989,0
BraTS2021_00823,0.8023892641067505,0.9414394497871399,0.9721214771270752,0.9053167303403219,3.0,2.23606797749979,1.4142135623730951,0
BraTS2021_00824,0.9591962695121765,0.9708861112594604,0.9706040620803833,0.9668954809506735,1.0,1.4142135623730951,1.0,0
BraTS2021_00828,0.8848772644996643,0.9012770652770996,0.927707850933075,0.9046207269032797,2.23606797749979,3.1622776601683795,17.72004514666935,0
BraTS2021_00830,0.9794469475746155,0.9810985326766968,0.982808530330658,0.9811180035273234,1.0,1.0,1.0,0
BraTS2021_00831,0.8970678448677063,0.9253769516944885,0.9398850202560425,0.9207766056060791,1.4142135623730951,1.4142135623730951,2.23606797749979,0
BraTS2021_00834,0.9648845791816711,0.9751750230789185,0.8755185008049011,0.9385260343551636,1.0,1.0,5.830951894845301,0
BraTS2021_00836,0.956905722618103,0.975861668586731,0.9007344841957092,0.9445006251335144,1.0,1.0,2.8284271247461903,0
BraTS2021_00837,0.9404335021972656,0.9728611707687378,0.8534409403800964,0.9222452044487,1.0,1.0,11.704699910719626,0
BraTS2021_00838,0.9263880252838135,0.9612197875976562,0.8127651214599609,0.9001243114471436,1.0,1.0,13.076696830622021,0
BraTS2021_00839,1.0,1.0,0.9107524156570435,0.9702508052190145,0.0,0.0,2.0,0
BraTS2021_00840,0.7326680421829224,0.4158610999584198,0.9597696661949158,0.7027662694454193,1.9062177826491313,23.853720883753127,1.4142135623730951,0
BraTS2021_00999,0.6232185363769531,0.8889186978340149,0.8158844113349915,0.7760072151819865,2.8284271247461903,3.4641016151377544,17.11724276862369,0
BraTS2021_01000,0.9534193277359009,0.9867454767227173,0.9820377230644226,0.9740675091743469,1.0,1.0,1.0,0
BraTS2021_01001,0.922005295753479,0.9902427792549133,0.9827070832252502,0.9649850527445475,1.4142135623730951,1.0,1.0,0
BraTS2021_01002,0.8937163949012756,0.9303195476531982,0.9256221055984497,0.9165526827176412,3.0,3.0,2.8284271247461903,0
BraTS2021_01003,0.8067860007286072,0.9243122935295105,0.9199777841567993,0.8836920261383057,2.8284271247461903,3.7416573867739413,10.04987562112089,0
BraTS2021_01004,0.8738287091255188,0.9703288078308105,0.9406485557556152,0.9282686909039816,1.4142135623730951,1.0,4.58257569495584,0
BraTS2021_01005,0.9447564482688904,0.9694337248802185,0.952785313129425,0.955658495426178,1.0,1.0,1.4142135623730951,0
BraTS2021_01007,0.9410438537597656,0.9671304821968079,0.9447623491287231,0.9509788950284322,1.0,1.0,2.8284271247461903,0
BraTS2021_01008,0.968948483467102,0.9789635539054871,0.9307120442390442,0.9595413605372111,1.0,1.0,6.708203932499369,0
BraTS2021_01009,0.8424012660980225,0.9221816658973694,0.9459387063980103,0.9035072127978007,1.7320508075688772,2.449489742783178,1.7320508075688772,0
BraTS2021_01010,0.9475597143173218,0.9789666533470154,0.9534897208213806,0.9600053628285726,1.0,1.0,1.4142135623730951,0
BraTS2021_01011,0.9216026067733765,0.9451960325241089,0.9021919965744019,0.9229968786239624,1.4142135623730951,1.0,2.8284271247461903,0
BraTS2021_01012,0.9581353664398193,0.9722179174423218,0.807174801826477,0.9125093619028727,1.4142135623730951,1.4142135623730951,15.620499351813308,0
BraTS2021_01013,0.9116546511650085,0.9156901836395264,0.990281879901886,0.9392089049021403,1.4142135623730951,1.0,1.0,0
BraTS2021_01014,0.9654412865638733,0.9866542220115662,0.9834936857223511,0.9785297314325968,1.0,1.0,1.0,0
BraTS2021_01015,0.9434828758239746,0.9488248825073242,0.9702883362770081,0.9541986982027689,1.4142135623730951,2.23606797749979,1.0,0
BraTS2021_01016,0.9595269560813904,0.9857542514801025,0.9677596688270569,0.97101362546285,1.0,1.0,1.0,0
BraTS2021_01017,0.9183641672134399,0.9679022431373596,0.9686717987060547,0.951646069685618,1.4142135623730951,1.0,1.0,0
BraTS2021_01018,0.972964346408844,0.9943966269493103,0.9768770933151245,0.9814126888910929,1.0,1.0,1.0,0
BraTS2021_01019,0.9704578518867493,0.9738496541976929,0.9745964407920837,0.9729679822921753,1.0,3.0,1.0,0
BraTS2021_01020,0.9729498028755188,0.9759082794189453,0.9829095005989075,0.9772558609644572,1.0,1.4142135623730951,1.0,0
BraTS2021_01021,0.9747254252433777,0.9837909936904907,0.9890338778495789,0.9825167655944824,1.0,1.0,1.0,0
BraTS2021_01022,0.9681952595710754,0.9798794388771057,0.9634389877319336,0.9705045620600382,1.0,1.0,1.4142135623730951,0
BraTS2021_01023,0.9422885775566101,0.9647546410560608,0.9905366897583008,0.9658599694569906,1.0,1.4142135623730951,1.0,0
BraTS2021_01024,0.9523147940635681,0.9567816853523254,0.9610497951507568,0.9567154248555502,1.0,1.0,1.7320508075688772,0
BraTS2021_01025,0.9388086795806885,0.9892237782478333,0.9547512531280518,0.9609279036521912,1.4142135623730951,1.0,1.4142135623730951,0
BraTS2021_01026,0.8939414620399475,0.9748713970184326,0.9526511430740356,0.9404880007108053,1.4142135623730951,1.4142135623730951,2.23606797749979,0
BraTS2021_01027,0.8877688646316528,0.9083873629570007,0.8940576314926147,0.8967379530270895,4.123105625617661,8.312425208993332,8.246211251235321,0
BraTS2021_01028,0.9321467876434326,0.9640492796897888,0.9292470812797546,0.9418143828709921,1.0,1.4142135623730951,3.0,0
BraTS2021_01029,0.9721415042877197,0.9737553000450134,0.9749259352684021,0.973607579867045,1.0,1.0,1.4142135623730951,0
BraTS2021_01030,0.9643905758857727,0.9786079525947571,0.9705162644386292,0.9711715976397196,1.0,1.0,1.4142135623730951,0
BraTS2021_01031,0.9605324268341064,0.9687270522117615,0.8583023548126221,0.92918727795283,1.0,1.0,3.0,0
BraTS2021_01032,0.9765005111694336,0.9845210313796997,0.8716152906417847,0.944212277730306,1.4142135623730951,1.0,5.385164807134504,0
BraTS2021_01033,0.9612223505973816,0.9760017991065979,0.9499537348747253,0.9623926281929016,1.0,1.0,2.0,0
BraTS2021_01034,0.7811099886894226,0.8220663070678711,0.8325990438461304,0.8119251132011414,1.7320508075688772,1.4142135623730951,5.385164807134504,0
BraTS2021_01035,0.5551663637161255,0.6357516646385193,0.7455782294273376,0.6454987525939941,2.8284271247461903,2.8284271247461903,2.8284271247461903,0
BraTS2021_01036,0.7930174469947815,0.8301706910133362,0.8995287418365479,0.8409056266148885,2.449489742783178,3.0,2.0,0
BraTS2021_01037,0.8687779903411865,0.9418681263923645,0.9554595351219177,0.9220352172851562,1.4142135623730951,2.449489742783178,1.7320508075688772,0
BraTS2021_01038,0.9619315266609192,0.9814420342445374,0.9750949740409851,0.9728228449821472,1.0,1.0,1.0,0
BraTS2021_01039,0.9282981753349304,0.9333333373069763,0.8937665820121765,0.9184660315513611,1.7320508075688772,2.449489742783178,3.0,0
BraTS2021_01040,0.9489521980285645,0.9805567860603333,0.9636805653572083,0.9643965164820353,1.0,1.0,1.0,0
BraTS2021_01041,0.7438259720802307,0.9175834655761719,0.9571108818054199,0.8728401064872742,2.449489742783178,2.8284271247461903,2.23606797749979,0
BraTS2021_01042,0.9284680485725403,0.9710699915885925,0.9648138284683228,0.9547839562098185,1.0,1.4142135623730951,1.4142135623730951,0
BraTS2021_01043,0.9512730240821838,0.9860879182815552,0.9620204567909241,0.9664604663848877,1.0,1.0,1.4142135623730951,0
BraTS2021_01044,0.9158554077148438,0.9267584681510925,0.9324160218238831,0.9250099658966064,3.0,5.385164807134504,2.23606797749979,0
BraTS2021_01045,0.9507527351379395,0.9763253331184387,0.9476275444030762,0.9582352042198181,1.0,1.4142135623730951,2.23606797749979,0
BraTS2021_01046,0.9582708477973938,0.9791340827941895,0.9783990383148193,0.9719346563021342,1.0,1.0,1.0,0
BraTS2021_01047,0.8357658982276917,0.9389365315437317,0.9550507664680481,0.9099177320798238,1.4142135623730951,2.449489742783178,2.0,0
BraTS2021_01048,0.8891035318374634,0.9457074403762817,0.9159871339797974,0.9169327020645142,1.4142135623730951,2.0,2.23606797749979,0
BraTS2021_01049,0.8788822293281555,0.8905484676361084,0.854803740978241,0.8747448126475016,1.4142135623730951,1.7320508075688772,4.242640687119285,0
BraTS2021_01050,0.9358195662498474,0.9532774090766907,0.8095104694366455,0.8995358149210612,3.0,1.4142135623730951,24.166091947189145,0
BraTS2021_01051,0.7308642268180847,0.7874308824539185,0.9415939450263977,0.8199630180994669,2.23606797749979,5.477225575051661,3.0,0
BraTS2021_01052,0.9728420972824097,0.9877941012382507,0.9767333269119263,0.9791231751441956,1.0,1.0,1.0,0
BraTS2021_01053,0.9065576195716858,0.8011487722396851,0.9098668694496155,0.8725244204203287,2.449489742783178,11.704699910719626,6.6332495807108,0
BraTS2021_01054,0.8410319685935974,0.9202454090118408,0.7313730120658875,0.8308834632237753,1.7320508075688772,1.4142135623730951,4.358898943540674,0
BraTS2021_01055,0.9411092400550842,0.977612316608429,0.9595633149147034,0.9594282905260721,1.0,1.0,1.0,0
BraTS2021_01056,0.7741913199424744,0.9176178574562073,0.9060309529304504,0.8659467101097107,1.4142135623730951,3.0,4.58257569495584,0
BraTS2021_01057,0.93733149766922,0.9805194735527039,0.9303188920021057,0.9493899544080099,1.0,1.0,2.0,0
BraTS2021_01058,0.9296063184738159,0.9659928679466248,0.9446933269500732,0.9467641711235046,1.0,1.0,1.7320508075688772,0
BraTS2021_01059,0.9172151684761047,0.936024010181427,0.8956224918365479,0.9162872234980265,1.0,1.7320508075688772,3.4641016151377544,0
BraTS2021_01060,0.9553402662277222,0.9835562705993652,0.9752666354179382,0.9713877240816752,1.0,1.0,1.4142135623730951,0
BraTS2021_01061,0.957565426826477,0.9833973050117493,0.9742655158042908,0.9717427492141724,1.0,1.0,1.0,0
BraTS2021_01062,0.9532332420349121,0.9829491376876831,0.9752798080444336,0.9704873959223429,1.0,1.0,1.0,0
BraTS2021_01063,0.9578167796134949,0.9696433544158936,0.9695470929145813,0.9656690756479899,1.0,1.0,1.4142135623730951,0
BraTS2021_01064,0.5269461274147034,0.6062127351760864,0.7527738213539124,0.6286442279815674,19.608584281854867,18.9260324893752,4.123105625617661,0
BraTS2021_01065,0.913165271282196,0.9700556993484497,0.9695927500724792,0.9509379069010416,1.4142135623730951,1.0,1.4142135623730951,0
BraTS2021_01066,0.9430302381515503,0.9776630997657776,0.949503481388092,0.9567322731018066,1.0,1.0,2.23606797749979,0
BraTS2021_01067,0.9626951217651367,0.9728797078132629,0.9390723705291748,0.9582157333691915,1.0,1.0,3.0,0
BraTS2021_01068,0.8702290058135986,0.9110589027404785,0.9410272836685181,0.9074383974075317,1.0,2.0,2.0,0
BraTS2021_01069,0.9833354949951172,0.9899433255195618,0.9891738295555115,0.9874842166900635,1.0,1.0,1.0,0
BraTS2021_01070,0.8749498724937439,0.9535320401191711,0.9177057147026062,0.9153958757718405,1.0,1.7320508075688772,2.23606797749979,0
BraTS2021_01071,0.8652300238609314,0.9433745741844177,0.9120171070098877,0.906873901685079,1.4142135623730951,1.4142135623730951,10.44030650891055,0
BraTS2021_01072,0.934446394443512,0.977947473526001,0.9478418231010437,0.9534118970235189,1.0,1.0,2.8284271247461903,0
BraTS2021_01073,0.9425836205482483,0.9585018754005432,0.9388766884803772,0.9466540614763895,1.7320508075688772,19.235384061671343,2.8284271247461903,0
BraTS2021_01074,0.9266748428344727,0.9482434988021851,0.948513925075531,0.9411440889040629,1.4142135623730951,2.0,5.385164807134504,0
BraTS2021_01075,0.764324426651001,0.7710012793540955,0.8226787447929382,0.7860014835993449,5.385164807134504,5.385164807134504,6.708203932499369,0
BraTS2021_01076,0.9693567752838135,0.9817466139793396,0.9662783741950989,0.9724605878194174,1.0,1.0,1.0,0
BraTS2021_01077,0.17821785807609558,0.39830508828163147,0.9503259658813477,0.5089496374130249,4.898979485566356,3.6191618865949837,1.0,0
BraTS2021_01078,0.9133346676826477,0.9847025871276855,0.9528281688690186,0.9502884745597839,1.0,1.0,1.7320508075688772,0
BraTS2021_01079,0.937890887260437,0.9829718470573425,0.9715054035186768,0.9641227126121521,1.0,1.0,1.4142135623730951,0
BraTS2021_01080,0.9138627052307129,0.9684122800827026,0.9583268165588379,0.9468672672907511,1.0,1.4142135623730951,1.4142135623730951,0
BraTS2021_01081,0.9562771320343018,0.9767100811004639,0.9648013710975647,0.9659295280774435,1.0,1.0,1.0,0
BraTS2021_01082,0.9344664812088013,0.9698587656021118,0.9803571105003357,0.9615607857704163,1.0,1.7320508075688772,1.0,0
BraTS2021_01083,0.9642888903617859,0.9869052171707153,0.9872210621833801,0.9794717232386271,1.0,1.0,1.0,0
BraTS2021_01084,0.9519264101982117,0.9774793386459351,0.9770187735557556,0.9688081741333008,1.0,1.0,1.0,0
BraTS2021_01085,0.9742090106010437,0.9814679026603699,0.9511830806732178,0.9689533313115438,1.0,1.0,2.0,0
BraTS2021_01086,0.9386672377586365,0.9803512096405029,0.98256915807724,0.9671958684921265,1.0,1.0,1.0,0
BraTS2021_01087,0.9371095895767212,0.9606935977935791,0.9492868185043335,0.9490300019582113,1.0,1.0,1.7320508075688772,0
BraTS2021_01088,0.9474180340766907,0.961403489112854,0.9659073948860168,0.9582429726918539,1.0,1.0,1.0,0
BraTS2021_01089,0.9558951258659363,0.9866324663162231,0.9631357192993164,0.9685544371604919,1.0,1.0,1.4142135623730951,0
BraTS2021_01090,0.9510377645492554,0.9593654870986938,0.9533687829971313,0.9545906782150269,1.4142135623730951,2.23606797749979,1.4142135623730951,0
BraTS2021_01091,0.8845296502113342,0.8996122479438782,0.5345706939697266,0.7729041973749796,1.0,1.0,7.874007874011811,0
BraTS2021_01092,0.957512617111206,0.9877901077270508,0.959517240524292,0.9682733217875162,1.0,1.0,1.7320508075688772,0
BraTS2021_01093,0.9392725229263306,0.9775506258010864,0.9852108955383301,0.9673446814219157,1.4142135623730951,1.0,1.0,0
BraTS2021_01094,0.947799801826477,0.9650097489356995,0.9844938516616821,0.9657678008079529,1.0,1.0,1.0,0
BraTS2021_01095,0.953474223613739,0.9882630705833435,0.981654703617096,0.9744639992713928,1.0,1.0,1.0,0
BraTS2021_01096,0.9801797270774841,0.9908475875854492,0.9735426306724548,0.981523315111796,1.0,1.0,1.0,0
BraTS2021_01097,0.9811150431632996,0.9892752766609192,0.9844628572463989,0.9849510590235392,1.0,1.0,1.0,0
BraTS2021_01098,0.9494984149932861,0.9769680500030518,0.9165711998939514,0.9476792216300964,1.0,1.0,4.358898943540674,0
BraTS2021_01099,0.9027993679046631,0.9178743958473206,0.8859373331069946,0.9022036989529928,24.070608982718724,25.719636784735474,5.385164807134504,0
BraTS2021_01100,0.9631171226501465,0.9832913279533386,0.980730414390564,0.9757129549980164,1.0,1.0,1.0,0
BraTS2021_01101,0.9014725685119629,0.9726356267929077,0.9665073752403259,0.9468718568483988,2.23606797749979,1.4142135623730951,1.4142135623730951,0
BraTS2021_01102,0.9519068002700806,0.97069251537323,0.8614035248756409,0.9280009468396505,1.0,1.0,28.30194339616981,0
BraTS2021_01103,0.02906080149114132,0.3131871223449707,0.6432166695594788,0.3284881977985303,52.209673321185385,36.124783736376884,31.250599011155963,0
BraTS2021_01104,0.8727859854698181,0.8825023770332336,0.8640134930610657,0.8731006185213724,3.3166247903554,5.0,21.748563170931547,0
BraTS2021_01105,0.9487543106079102,0.9814711809158325,0.9638100266456604,0.9646785060564677,1.0,1.0,1.4142135623730951,0
BraTS2021_01106,0.9200178980827332,0.9545490145683289,0.8742977976799011,0.9162882367769877,1.0,1.0,4.123105625617661,0
BraTS2021_01107,0.68430495262146,0.8135947585105896,0.9801135659217834,0.826004425684611,6.708203932499369,4.47213595499958,1.0,0
BraTS2021_01108,0.940397322177887,0.9704567193984985,0.9463882446289062,0.9524140954017639,1.0,1.0,1.0,0
BraTS2021_01109,0.9463918805122375,0.9784662127494812,0.9772900938987732,0.9673827290534973,1.0,1.4142135623730951,1.0,0
BraTS2021_01110,0.2845630943775177,0.7843175530433655,0.8345898985862732,0.6344901820023855,7.280109889280518,3.3166247903554,7.3484692283495345,0
BraTS2021_01111,0.8893415331840515,0.9478256106376648,0.9158892035484314,0.9176854491233826,3.0,2.0,22.895404385690874,0
BraTS2021_01112,0.8158056139945984,0.9035501480102539,0.988132655620575,0.9024961392084757,2.0,7.0,1.0,0
BraTS2021_01113,0.8155108094215393,0.9289388656616211,0.9476842880249023,0.8973779877026876,1.4142135623730951,2.23606797749979,1.4142135623730951,0
BraTS2021_01114,0.8462184071540833,0.9388152360916138,0.9354594349861145,0.9068310260772705,1.4142135623730951,2.0,3.3166247903554,0
BraTS2021_01115,0.9506815671920776,0.9721711874008179,0.952173113822937,0.9583419561386108,1.0,1.4142135623730951,7.0,0
BraTS2021_01116,0.890455961227417,0.9619401097297668,0.7580362558364868,0.8701441089312235,1.0,1.0,11.180339887498949,0
BraTS2021_01117,0.9675314426422119,0.981002688407898,0.9767565727233887,0.9750969012578329,1.0,1.0,1.0,0
BraTS2021_01118,0.9537489414215088,0.971633791923523,0.9601826071739197,0.9618551135063171,1.0,1.0,1.4142135623730951,0
BraTS2021_01119,0.9328387379646301,0.9354976415634155,0.7951188087463379,0.8878183960914612,1.0,1.0,10.246950765959598,0
BraTS2021_01120,0.9578705430030823,0.9878373146057129,0.9622660279273987,0.9693246285120646,1.0,1.0,2.0,0
BraTS2021_01121,0.9555354714393616,0.9782520532608032,0.9861412048339844,0.9733095765113831,1.0,1.0,1.0,0
BraTS2021_01122,0.9668012857437134,0.9837099313735962,0.9461655020713806,0.9655589063962301,1.0,1.0,2.23606797749979,0
BraTS2021_01123,0.8506774306297302,0.9428423643112183,0.9537118077278137,0.915743867556254,1.4142135623730951,2.23606797749979,1.7320508075688772,0
BraTS2021_01124,0.9482680559158325,0.9693992733955383,0.9777832627296448,0.9651501973470052,1.0,1.0,1.0,0
BraTS2021_01125,0.9382779598236084,0.9742841124534607,0.981644332408905,0.9647354682286581,1.0,1.4142135623730951,1.0,0
BraTS2021_01126,0.9812190532684326,0.9849725365638733,0.9865502119064331,0.9842472672462463,1.0,1.0,1.0,0
BraTS2021_01127,0.9445022940635681,0.9752500653266907,0.9735744595527649,0.9644422729810079,1.0,1.0,1.0,0
BraTS2021_01128,0.8752065896987915,0.9656702876091003,0.9465221166610718,0.9291329979896545,1.0,1.0,1.4142135623730951,0
BraTS2021_01129,0.96561199426651,0.9884354472160339,0.9802272915840149,0.9780915776888529,1.0,1.0,1.0,0
BraTS2021_01130,0.9572432637214661,0.9837295413017273,0.9669245481491089,0.9692991177241007,2.0,1.0,1.0,0
BraTS2021_01131,0.9620830416679382,0.9836757779121399,0.9751927256584167,0.9736505150794983,1.0,1.0,1.0,0
BraTS2021_01132,0.9746666550636292,0.9853312969207764,0.939752995967865,0.9665836493174235,1.0,1.0,1.4142135623730951,0
BraTS2021_01133,0.9215477705001831,0.9445009231567383,0.9639239311218262,0.9433242082595825,1.0,1.0,1.0,0
BraTS2021_01134,0.9598580002784729,0.9921846985816956,0.9557652473449707,0.969269315401713,1.0,1.0,2.23606797749979,0
BraTS2021_01135,0.9475818872451782,0.9859926700592041,0.9807707667350769,0.9714484413464864,1.0,1.0,1.0,0
BraTS2021_01136,0.9578788876533508,0.9810461401939392,0.9890381097793579,0.975987712542216,1.0,1.0,1.0,0
BraTS2021_01137,0.8078805208206177,0.8820618391036987,0.9671706557273865,0.8857043385505676,3.605551275463989,3.0,1.0,0
BraTS2021_01138,0.962007462978363,0.9782782793045044,0.8234773278236389,0.9212543567021688,1.0,1.0,8.306623862918075,0
BraTS2021_01139,0.8710484504699707,0.9639396667480469,0.9359855055809021,0.9236578742663065,1.4142135623730951,1.4142135623730951,4.123105625617661,0
BraTS2021_01140,0.8831084370613098,0.9634010195732117,0.9511172771453857,0.9325422445933024,1.4142135623730951,1.4142135623730951,2.23606797749979,0
BraTS2021_01141,0.9479649066925049,0.9618836045265198,0.9709682464599609,0.9602722525596619,1.4142135623730951,2.0,1.4142135623730951,0
BraTS2021_01142,0.9049391150474548,0.9564763903617859,0.9273836016654968,0.9295997023582458,2.0,2.0,3.3166247903554,0
BraTS2021_01143,0.803272545337677,0.9264547228813171,0.9466187953948975,0.8921153545379639,4.242640687119285,4.242640687119285,3.1622776601683795,0
BraTS2021_01144,0.8402307629585266,0.8738034963607788,0.963370144367218,0.8924681345621744,7.0,18.485125000020663,1.7320508075688772,0
BraTS2021_01145,0.8193290829658508,0.9559316039085388,0.9558539390563965,0.9103715419769287,2.0,2.0,1.7320508075688772,0
BraTS2021_01146,0.8165845274925232,0.7456796765327454,0.9639924764633179,0.8420855601628622,86.61091133201835,86.7928568489366,5.0,0
BraTS2021_01147,0.9676204919815063,0.9732556939125061,0.8497973084449768,0.9302244981129965,1.0,1.0,3.0,0
BraTS2021_01148,0.9736250042915344,0.9792096614837646,0.9760494828224182,0.9762947161992391,1.0,1.0,1.0,0
BraTS2021_01149,0.8247162699699402,0.8708133697509766,0.8200433850288391,0.838524341583252,9.899494936611665,10.019950248448355,5.0,0
BraTS2021_01150,0.8653793931007385,0.95262211561203,0.7418020367622375,0.8532678484916687,1.7320508075688772,2.0,17.146428199482248,0
BraTS2021_01151,0.9053255915641785,0.9090368747711182,0.9051081538200378,0.9064902067184448,2.23606797749979,1.7320508075688772,4.123105625617661,0
BraTS2021_01152,0.6675543785095215,0.8853126764297485,0.8983280062675476,0.8170650204022726,11.40175425099138,2.0,2.8284271247461903,0
BraTS2021_01153,0.9434358477592468,0.9825736284255981,0.9786878228187561,0.9682324330012003,1.0,1.0,1.0,0
BraTS2021_01154,0.8866832256317139,0.8940728902816772,0.7263522148132324,0.8357027769088745,1.6366996340100848,2.0,4.58257569495584,0
BraTS2021_01155,0.9306067824363708,0.9704563617706299,0.9807968139648438,0.9606199860572815,1.0,1.4142135623730951,1.0,0
BraTS2021_01156,0.8038947582244873,0.9791374206542969,0.8698469400405884,0.8842930396397909,1.7320508075688772,1.0,6.164414002968976,0
BraTS2021_01157,0.9139396548271179,0.9750782251358032,0.9524334073066711,0.9471504290898641,1.0,1.0,1.4142135623730951,0
BraTS2021_01158,0.8019816875457764,0.8720871210098267,0.9411168098449707,0.8717285394668579,61.15553885916695,68.3022692208065,2.449489742783178,0
BraTS2021_01159,0.8192944526672363,0.8192944526672363,0.9358996748924255,0.8581628600756327,1.4142135623730951,1.4142135623730951,1.4142135623730951,0
BraTS2021_01160,0.959012508392334,0.9776813387870789,0.9591678380966187,0.9652872284253439,1.0,1.0,2.0,0
BraTS2021_01161,0.9663166999816895,0.9892712831497192,0.922781765460968,0.9594565828641256,1.0,1.0,3.7416573867739413,0
BraTS2021_01162,0.8835398554801941,0.9121385216712952,0.872527003288269,0.8894017934799194,2.449489742783178,3.0,4.58257569495584,0
BraTS2021_01163,0.863288938999176,0.9139585494995117,0.898840606212616,0.8920293649037679,1.4142135623730951,2.0,3.605551275463989,0
BraTS2021_01164,0.9716066122055054,0.9897862076759338,0.982001543045044,0.9811314543088278,1.0,1.0,1.0,0
BraTS2021_01165,0.9717727899551392,0.982567310333252,0.8123055100440979,0.922215203444163,1.0,1.0,52.24126710103838,0
BraTS2021_01166,0.9567864537239075,0.9788861870765686,0.8839560151100159,0.9398762186368307,1.0,1.0,10.198039027185569,0
BraTS2021_01167,0.2942100763320923,0.727207601070404,0.7849283814430237,0.6021153529485067,16.673332000533065,16.401219466856727,10.198039027185569,0
BraTS2021_01168,0.9473598003387451,0.9875245094299316,0.9639498591423035,0.96627805630366,1.0,1.0,1.4142135623730951,0
BraTS2021_01169,3.6710718909205298e-09,0.40912845730781555,0.9258347153663635,0.44498772544841697,26.92582403567252,16.583123951777,3.1622776601683795,0
BraTS2021_01170,0.6281905770301819,0.5917463898658752,0.8646366000175476,0.6948578556378683,12.68857754044952,13.0,4.47213595499958,0
BraTS2021_01171,0.9635701179504395,0.9798297882080078,0.9361818432807922,0.9598605831464132,1.0,1.0,8.18535277187245,0
BraTS2021_01172,0.912955105304718,0.9661536812782288,0.9198005199432373,0.9329697688420614,2.0,3.0,6.557438524302,0
BraTS2021_01173,0.037588104605674744,0.7095028758049011,0.9348804950714111,0.5606571584939957,39.159902999520604,9.643650760992955,2.0,0
BraTS2021_01174,0.8716801404953003,0.9624040126800537,0.9663602709770203,0.9334814747174581,2.449489742783178,2.0,2.0,0
BraTS2021_01175,0.9396641254425049,0.9607565402984619,0.9523721933364868,0.9509309530258179,1.7320508075688772,1.7320508075688772,1.7320508075688772,0
BraTS2021_01176,0.036679547280073166,0.8372695446014404,0.9843803644180298,0.6194431520998478,12.38545958450813,6.164414002968976,1.0,0
BraTS2021_01177,0.9291287064552307,0.9527353048324585,0.890109121799469,0.9239910443623861,2.449489742783178,2.23606797749979,4.898979485566356,0
BraTS2021_01178,0.926982581615448,0.9721614122390747,0.9547938108444214,0.9513126015663147,1.0,1.0,1.4142135623730951,0
BraTS2021_01179,4.830917532672174e-08,4.830917532672174e-08,0.8571913838386536,0.2857304934856681,,,4.58257569495584,0
BraTS2021_01180,0.8447417616844177,0.8446395993232727,0.9069387316703796,0.8654400308926901,4.123105625617661,4.123105625617661,4.242640687119285,0
BraTS2021_01181,0.9774006605148315,0.9884675741195679,0.9769948720932007,0.9809543689092001,1.0,1.0,1.0,0
BraTS2021_01182,0.7538390159606934,0.7498070597648621,0.8823968768119812,0.7953476508458456,4.123105625617661,10.283615436689685,3.3166247903554,0
BraTS2021_01183,0.8727096915245056,0.9537968635559082,0.9185066819190979,0.9150044123331705,1.4142135623730951,1.7320508075688772,3.0,0
BraTS2021_01184,0.8910315036773682,0.9136834740638733,0.8169009685516357,0.8738719820976257,2.449489742783178,2.449489742783178,5.0,0
BraTS2021_01185,0.8804025650024414,0.944452702999115,0.9160183072090149,0.9136245250701904,2.23606797749979,2.23606797749979,2.449489742783178,0
BraTS2021_01186,0.8587620258331299,0.8070516586303711,0.8960035443305969,0.8539390762646993,4.123105625617661,6.708203932499369,5.0990195135927845,0
BraTS2021_01187,0.7686884999275208,0.8323346376419067,0.940421998500824,0.8471483786900839,4.358898943540674,4.242640687119285,1.4142135623730951,0
BraTS2021_01188,0.6877379417419434,0.43339309096336365,0.9507957696914673,0.6906422674655914,31.464265445104548,31.670175244226233,2.23606797749979,0
BraTS2021_01189,0.7105731964111328,0.9133739471435547,0.9574127793312073,0.8604533076286316,8.366600265340756,4.123105625617661,2.23606797749979,0
BraTS2021_01190,0.9555733799934387,0.9735449552536011,0.948585033416748,0.9592344562212626,1.7320508075688772,1.0,2.23606797749979,0
BraTS2021_01191,0.7725406289100647,0.8724799156188965,0.9631252884864807,0.8693819443384806,2.23606797749979,6.0,2.23606797749979,0
BraTS2021_01192,0.2442103624343872,0.2856442332267761,0.9488412141799927,0.4928986032803853,13.038404810405298,13.638181696985855,3.0,0
BraTS2021_01193,0.8549527525901794,0.9547958970069885,0.9324583411216736,0.9140689969062805,1.7320508075688772,2.23606797749979,2.23606797749979,0
BraTS2021_01194,0.6859594583511353,0.9744311571121216,0.8610460758209229,0.8404788970947266,3.605551275463989,1.4142135623730951,5.744562646538029,0
BraTS2021_01195,0.8859506249427795,0.9630644917488098,0.9746540188789368,0.9412230451901754,2.0,1.4142135623730951,1.0,0
BraTS2021_01196,0.88273686170578,0.9304496645927429,0.9502121806144714,0.9211329023043314,2.0,2.23606797749979,2.0,0
BraTS2021_01197,0.9476330876350403,0.9753239750862122,0.9831753373146057,0.9687108000119528,1.4142135623730951,1.4142135623730951,1.0,0
BraTS2021_01198,0.9086621999740601,0.972609281539917,0.9361028075218201,0.9391247630119324,1.4142135623730951,1.7320508075688772,2.23606797749979,0
BraTS2021_01199,0.9288079142570496,0.9857809543609619,0.9872013926506042,0.967263420422872,1.0,1.0,1.0,0
BraTS2021_01200,0.9358532428741455,0.9845395684242249,0.9872612953186035,0.9692180355389913,1.0,1.0,1.0,0
BraTS2021_01201,0.8125216960906982,0.9500682353973389,0.9793234467506409,0.9139711260795593,4.47213595499958,1.4142135623730951,1.0,0
BraTS2021_01202,0.886583685874939,0.9464041590690613,0.935038149356842,0.9226753314336141,1.4142135623730951,1.5254565981911563,3.605551275463989,0
BraTS2021_01203,0.8649515509605408,0.9609249234199524,0.9019993543624878,0.909291942914327,1.0,1.0,4.123105625617661,0
BraTS2021_01204,0.861431896686554,0.9172745943069458,0.7494669556617737,0.8427244822184244,1.4142135623730951,1.4142135623730951,5.495188442495472,0
BraTS2021_01205,0.8443626761436462,0.9406710267066956,0.8617742657661438,0.8822693228721619,1.4142135623730951,1.4142135623730951,3.1622776601683795,0
BraTS2021_01206,0.7903416752815247,0.9330921769142151,0.9394460916519165,0.8876266479492188,2.23606797749979,2.23606797749979,2.8284271247461903,0
BraTS2021_01207,0.8947410583496094,0.9336984753608704,0.9166970252990723,0.9150455196698507,1.0,14.542948132757932,2.449489742783178,0
BraTS2021_01208,0.8545119762420654,0.8384937047958374,0.7882065176963806,0.8270707329114279,1.4142135623730951,1.7320508075688772,7.3484692283495345,0
BraTS2021_01209,0.8662408590316772,0.8995546698570251,0.9143025279045105,0.8933660189310709,2.449489742783178,4.69041575982343,4.0,0
BraTS2021_01210,0.9083281755447388,0.9182572960853577,0.8583918213844299,0.8949924310048422,1.4142135623730951,1.4142135623730951,3.1622776601683795,0
BraTS2021_01211,0.752458393573761,0.9106095433235168,0.9217021465301514,0.8615900278091431,2.23606797749979,2.449489742783178,3.7416573867739413,0
BraTS2021_01212,0.865009605884552,0.9320459961891174,0.8537061214447021,0.8835872411727905,1.4142135623730951,1.4142135623730951,19.209372712298546,0
BraTS2021_01213,0.723061203956604,0.9322874546051025,0.9053012132644653,0.8535499572753906,1.4142135623730951,1.4142135623730951,4.58257569495584,0
BraTS2021_01214,0.8246146440505981,0.9275659918785095,0.9240922331809998,0.8920909563700358,1.7320508075688772,2.23606797749979,3.0,0
BraTS2021_01215,0.8780031204223633,0.7887732982635498,0.9486795663833618,0.8718186616897583,1.4142135623730951,7.280109889280518,2.0,0
BraTS2021_01216,0.6725291609764099,0.8000917434692383,0.9071937799453735,0.793271561463674,3.0,5.656854249492381,3.0,0
BraTS2021_01217,0.8509141802787781,0.8879773020744324,0.9356997609138489,0.8915304144223531,1.0,2.8284271247461903,2.23606797749979,0
BraTS2021_01218,0.8270241618156433,0.8833141326904297,0.7935303449630737,0.834622879823049,1.7320508075688772,1.4142135623730951,4.58257569495584,0
BraTS2021_01219,0.963574230670929,0.9686754941940308,0.879467248916626,0.9372389912605286,1.4142135623730951,1.0,4.58257569495584,0
BraTS2021_01220,0.9413192868232727,0.9755786061286926,0.942538857460022,0.9531455834706625,1.0,1.0,1.7320508075688772,0
BraTS2021_01221,0.6598255038261414,0.8845834732055664,0.9108940958976746,0.8184343576431274,2.0,6.0,4.47213595499958,0
BraTS2021_01222,0.7406165599822998,0.8864302635192871,0.8150351643562317,0.8140273292859396,2.23606797749979,1.4142135623730951,4.242640687119285,0
BraTS2021_01223,0.8764264583587646,0.9228283762931824,0.9521185755729675,0.9171244700749716,1.4142135623730951,2.8284271247461903,1.4142135623730951,0
BraTS2021_01224,0.8789717555046082,0.9571565985679626,0.9282986521720886,0.9214756687482198,1.4142135623730951,1.0,1.4142135623730951,0
BraTS2021_01225,0.953792154788971,0.972362756729126,0.9420391321182251,0.9560646812121073,1.0,1.0,3.0,0
BraTS2021_01226,0.8733268976211548,0.9030377268791199,0.8956432342529297,0.8906692862510681,1.4142135623730951,2.0,2.449489742783178,0
BraTS2021_01227,0.9018868207931519,0.9691871404647827,0.9276257753372192,0.9328999121983846,1.0,1.0,2.23606797749979,0
BraTS2021_01228,0.7367209792137146,0.8969854116439819,0.9489820003509521,0.8608961304028829,3.4641016151377544,2.23606797749979,2.23606797749979,0
BraTS2021_01229,0.8633419275283813,0.9375237822532654,0.7854333519935608,0.8620996872584025,1.0,2.449489742783178,7.874007874011811,0
BraTS2021_01230,0.7230402231216431,0.8677868247032166,0.9061499238014221,0.8323256572087606,1.7320508075688772,3.0,2.23606797749979,0
BraTS2021_01231,0.8991589546203613,0.9501129388809204,0.9405796527862549,0.9299505154291788,1.0,1.0,1.4142135623730951,0
BraTS2021_01232,0.8137666583061218,0.8484848737716675,0.8378815650939941,0.8333776990572611,2.449489742783178,3.7416573867739413,5.0990195135927845,0
BraTS2021_01233,0.8930013179779053,0.9336124658584595,0.9274792671203613,0.9180310169855753,1.4142135623730951,1.4142135623730951,2.0,0
BraTS2021_01234,0.7939878702163696,0.905356764793396,0.8874263167381287,0.8622569839159647,1.4142135623730951,2.23606797749979,3.0,0
BraTS2021_01235,0.9122177958488464,0.9499189257621765,0.9527643322944641,0.938300351301829,1.0,1.4142135623730951,1.4142135623730951,0
BraTS2021_01236,0.856571614742279,0.9482715725898743,0.9484608173370361,0.9177680015563965,1.4142135623730951,2.23606797749979,1.7320508075688772,0
BraTS2021_01237,0.7505382895469666,0.8650915026664734,0.8841555118560791,0.833261768023173,2.0,4.123105625617661,3.605551275463989,0
BraTS2021_01238,0.8488399386405945,0.9200332760810852,0.9172809720039368,0.8953847289085388,1.4142135623730951,2.23606797749979,2.449489742783178,0
BraTS2021_01239,0.8798461556434631,0.9353275895118713,0.9153647422790527,0.9101794958114624,1.4142135623730951,1.7320508075688772,3.0,0
BraTS2021_01240,0.8190552592277527,0.8547383546829224,0.6268613934516907,0.766885002454122,1.7320508075688772,2.23606797749979,16.76305461424021,0
BraTS2021_01241,0.8585275411605835,0.9509745240211487,0.8950190544128418,0.901507039864858,1.4142135623730951,1.4142135623730951,7.0,0
BraTS2021_01242,0.9065790176391602,0.945216715335846,0.918925404548645,0.9235737125078837,1.4142135623730951,2.0,2.449489742783178,0
BraTS2021_01243,0.8856492042541504,0.9351115822792053,0.9218655228614807,0.9142087697982788,1.7320508075688772,2.23606797749979,2.0,0
BraTS2021_01244,0.8740839958190918,0.9230964183807373,0.9333371520042419,0.9101725220680237,1.4142135623730951,1.7320508075688772,2.449489742783178,0
BraTS2021_01245,0.663077712059021,0.7899209260940552,0.7746614813804626,0.7425533731778463,11.704699910719626,11.508672078793643,8.602325267042627,0
BraTS2021_01246,0.8439671397209167,0.8767288327217102,0.9684154391288757,0.8963704705238342,1.7320508075688772,3.1622776601683795,1.0,0
BraTS2021_01247,0.7983163595199585,0.8786213994026184,0.8482801914215088,0.8417393167813619,1.4142135623730951,1.7320508075688772,4.242640687119285,0
BraTS2021_01248,0.8484169244766235,0.9546521902084351,0.9329901337623596,0.9120197494824728,1.0,1.4142135623730951,3.7416573867739413,0
BraTS2021_01249,0.809689998626709,0.9330006241798401,0.913739025592804,0.885476549466451,1.4142135623730951,1.7320508075688772,3.1622776601683795,0
BraTS2021_01250,0.8956453204154968,0.9478001594543457,0.9739357233047485,0.9391270677248637,1.0,1.7320508075688772,1.0,0
BraTS2021_01251,0.9016701579093933,0.9626380205154419,0.9318350553512573,0.9320477445920309,1.4142135623730951,1.4142135623730951,2.23606797749979,0
BraTS2021_01252,0.7963376641273499,0.871708333492279,0.8720237016677856,0.8466898997624716,1.7320508075688772,1.7320508075688772,3.0,0
BraTS2021_01253,0.7745294570922852,0.9110574126243591,0.8683087825775146,0.8512985507647196,2.0,4.242640687119285,11.432392474879004,0
BraTS2021_01254,0.9267034530639648,0.9744880199432373,0.9634283781051636,0.954873283704122,1.0,1.0,1.4142135623730951,0
BraTS2021_01255,0.9433962106704712,0.943025529384613,0.6399304270744324,0.8421173890431722,1.0,1.0,7.0710678118654755,0
BraTS2021_01256,0.8871839642524719,0.9767042398452759,0.9748794436454773,0.9462558825810751,1.0,1.0,1.0,0
BraTS2021_01257,0.864627480506897,0.9284213185310364,0.7672701478004456,0.8534396489461263,1.0,1.0,13.518420799607892,0
BraTS2021_01258,0.8334325551986694,0.9313421249389648,0.9153302311897278,0.8933683037757874,1.4142135623730951,1.4142135623730951,9.273618495495704,0
BraTS2021_01259,0.9053264856338501,0.9294506311416626,0.9284773468971252,0.9210848212242126,1.0,3.0,4.58257569495584,0
BraTS2021_01260,0.8951003551483154,0.9681028723716736,0.959090530872345,0.940764586130778,1.4142135623730951,1.0,1.4142135623730951,0
BraTS2021_01261,0.8469286561012268,0.9099264144897461,0.9432146549224854,0.9000232418378195,1.0,3.605551275463989,2.0,0
BraTS2021_01262,0.8382539749145508,0.9460069537162781,0.8653301000595093,0.883197009563446,1.0,1.7320508075688772,6.4031242374328485,0
BraTS2021_01263,0.7589331269264221,0.9024414420127869,0.9007954597473145,0.8540566762288412,1.4142135623730951,2.449489742783178,5.477225575051661,0
BraTS2021_01264,0.871626079082489,0.9476291537284851,0.9165221452713013,0.9119257926940918,1.0,1.4142135623730951,2.23606797749979,0
BraTS2021_01265,0.9229609370231628,0.9673404097557068,0.9417293071746826,0.9440102179845175,1.0,1.4142135623730951,2.8284271247461903,0
BraTS2021_01266,0.8451297879219055,0.7796090245246887,0.9268752336502075,0.8505380153656006,3.1622776601683795,7.2628580546923835,8.12403840463596,0
BraTS2021_01267,0.8995895981788635,0.9462351202964783,0.7424471974372864,0.8627573053042094,1.4142135623730951,2.449489742783178,7.54983443527075,0
BraTS2021_01268,0.8492075800895691,0.9553741812705994,0.9349865317344666,0.913189431031545,1.0,1.0,1.4142135623730951,0
BraTS2021_01269,0.7605945467948914,0.8792881369590759,0.8824248909950256,0.8407691915829977,2.8284271247461903,5.385164807134504,6.557438524302,0
BraTS2021_01270,0.7586943507194519,0.9600881338119507,0.9285672903060913,0.8824499249458313,1.7320508075688772,2.0,3.1622776601683795,0
BraTS2021_01271,0.8029487133026123,0.8785163164138794,0.9229632616043091,0.8681427637736002,1.7320508075688772,2.449489742783178,2.23606797749979,0
BraTS2021_01272,0.8943323493003845,0.9532749652862549,0.9374845027923584,0.9283639391263326,1.0,1.0,1.4142135623730951,0
BraTS2021_01273,0.6126126050949097,0.8731988668441772,0.8430182337760925,0.7762765685717264,4.0,1.7320508075688772,3.0,0
BraTS2021_01274,0.849160373210907,0.8490585088729858,0.8969184756278992,0.8650457859039307,2.23606797749979,3.605551275463989,2.449489742783178,0
BraTS2021_01275,0.8281744122505188,0.94377601146698,0.9410182237625122,0.904322882493337,1.4142135623730951,1.4142135623730951,1.7320508075688772,0
BraTS2021_01276,0.8350045680999756,0.9155951142311096,0.8404377698898315,0.8636791507403055,1.4142135623730951,1.4142135623730951,7.0710678118654755,0
BraTS2021_01277,0.8878706693649292,0.9567249417304993,0.9402745962142944,0.928290069103241,1.0,1.0,1.4142135623730951,0
BraTS2021_01278,0.9706113338470459,0.9671379923820496,0.9511875510215759,0.9629789590835571,1.0,1.0,1.7320508075688772,0
BraTS2021_01279,0.8650631904602051,0.8758297562599182,0.7919928431510925,0.8442952632904053,1.4142135623730951,1.4142135623730951,7.0710678118654755,0
BraTS2021_01280,0.9561803936958313,0.9837777614593506,0.961228609085083,0.967062254746755,1.0,1.0,1.4142135623730951,0
BraTS2021_01281,0.8684176802635193,0.9461583495140076,0.9690857529640198,0.9278872609138489,2.23606797749979,2.449489742783178,1.4142135623730951,0
BraTS2021_01282,0.9405710697174072,0.9635339379310608,0.8103689551353455,0.9048246542612711,1.0,1.4142135623730951,7.615773105863909,0
BraTS2021_01283,0.9131446480751038,0.9361786842346191,0.9435228109359741,0.9309487144152323,1.4142135623730951,1.7320508075688772,2.0,0
BraTS2021_01284,0.8887761831283569,0.9494807720184326,0.9373936057090759,0.9252168536186218,2.0,2.0,3.605551275463989,0
BraTS2021_01285,0.9398459196090698,0.9646371603012085,0.9548741579055786,0.9531190792719523,1.0,1.4142135623730951,2.0,0
BraTS2021_01286,0.9482949376106262,0.9705631136894226,0.9537349343299866,0.9575309952100118,1.4142135623730951,1.4142135623730951,1.7320508075688772,0
BraTS2021_01287,0.9629364013671875,0.9793286919593811,0.9697723388671875,0.9706791440645853,1.0,1.0,1.4142135623730951,0
BraTS2021_01288,0.897333025932312,0.9721684455871582,0.9737297892570496,0.9477437535921732,1.0,1.0,1.7320508075688772,0
BraTS2021_01289,0.8582272529602051,0.9535942673683167,0.9618868827819824,0.9245694677035013,1.4142135623730951,1.4142135623730951,1.7320508075688772,0
BraTS2021_01290,0.8689715266227722,0.9270949363708496,0.9103348851203918,0.9021337827046713,1.4142135623730951,1.4142135623730951,2.8284271247461903,0
BraTS2021_01291,0.5860379934310913,0.8978350758552551,0.9000281095504761,0.7946337262789408,4.123105625617661,3.4641016151377544,26.92582403567252,0
BraTS2021_01292,0.9403405785560608,0.9702432751655579,0.9712504148483276,0.9606114228566488,1.4142135623730951,1.0,1.0,0
BraTS2021_01293,0.6150782704353333,0.9264969229698181,0.9172159433364868,0.819597045580546,6.708203932499369,3.7416573867739413,5.385164807134504,0
BraTS2021_01294,0.9767413139343262,0.9831176996231079,0.9609044194221497,0.9735878109931946,1.0,1.0,1.4142135623730951,0
BraTS2021_01295,0.937896728515625,0.9715086817741394,0.9571348428726196,0.9555134177207947,1.0,1.0,1.4142135623730951,0
BraTS2021_01296,0.9067665934562683,0.9544013738632202,0.8555611371994019,0.9055763681729635,1.4142135623730951,1.4142135623730951,5.0990195135927845,0
BraTS2021_01297,0.7662918567657471,0.8222147226333618,0.7613983154296875,0.7833016316095988,2.8284271247461903,3.3166247903554,7.3484692283495345,0
BraTS2021_01298,0.9587523937225342,0.962841272354126,0.9413134455680847,0.9543023705482483,1.0,1.0,2.23606797749979,0
BraTS2021_01299,0.9175987243652344,0.9489597678184509,0.9569722414016724,0.9411769111951193,1.0,1.0,1.4142135623730951,0
BraTS2021_01300,0.8690073490142822,0.8589768409729004,0.9110593795776367,0.8796811898549398,2.23606797749979,2.449489742783178,4.0,0
BraTS2021_01301,0.9695402383804321,0.977011501789093,0.9333164691925049,0.9599560697873434,1.0,1.0,68.52590667037006,0
BraTS2021_01302,0.921475350856781,0.9484639763832092,0.9489616751670837,0.9396336674690247,2.0,2.23606797749979,4.0,0
BraTS2021_01303,0.9337671995162964,0.9792280197143555,0.9081906676292419,0.9403952956199646,1.0,1.0,2.0,0
BraTS2021_01304,0.9722860455513,0.9884981513023376,0.9603003263473511,0.9736948410669962,1.0,1.0,1.7320508075688772,0
BraTS2021_01305,0.9750925302505493,0.9899309873580933,0.9563159346580505,0.9737798174222311,1.0,1.0,1.4142135623730951,0
BraTS2021_01306,0.7881483435630798,0.8328755497932434,0.9772199392318726,0.8660812775293986,2.449489742783178,2.23606797749979,1.0,0
BraTS2021_01307,0.9345497488975525,0.9681446552276611,0.9802141785621643,0.9609695275624593,1.0,1.0,1.0,0
BraTS2021_01308,0.8784428834915161,0.8923132419586182,0.8562729358673096,0.8756763537724813,2.23606797749979,2.449489742783178,25.948023470950282,0
BraTS2021_01309,0.856420636177063,0.9485349059104919,0.9724370837211609,0.9257975419362386,2.0,1.4142135623730951,1.0,0
BraTS2021_01310,0.778437614440918,0.7840651869773865,0.5293684601783752,0.6972904205322266,29.23609937845591,29.230970984035505,57.98792847131846,0
BraTS2021_01311,0.9634042978286743,0.9703845977783203,0.9341768026351929,0.9559885660807291,1.4142135623730951,1.0,3.0,0
BraTS2021_01312,0.9797473549842834,0.9905860424041748,0.9832621216773987,0.984531839688619,1.0,1.0,1.0,0
BraTS2021_01313,0.8913004994392395,0.981395423412323,0.9489507675170898,0.9405488967895508,2.0,1.0,2.0,0
BraTS2021_01314,0.2697247564792633,0.8018399477005005,0.9708146452903748,0.6807931164900461,7.681145747868608,3.3166247903554,1.0,0
BraTS2021_01315,0.9321468472480774,0.9725766181945801,0.9766420125961304,0.9604551593462626,1.4142135623730951,1.4142135623730951,1.4142135623730951,0
BraTS2021_01316,0.9495382905006409,0.9698325991630554,0.9640397429466248,0.9611368775367737,1.0,1.0,1.0,0
BraTS2021_01317,0.9602718353271484,0.9781596660614014,0.9838178157806396,0.9740831057230631,1.0,1.4142135623730951,1.0,0
BraTS2021_01318,0.9694737195968628,0.9797158241271973,0.9376457929611206,0.9622784455617269,1.0,1.0,2.23606797749979,0
BraTS2021_01319,0.9553402662277222,0.9813122153282166,0.9742069840431213,0.97028648853302,1.0,1.0,1.4142135623730951,0
BraTS2021_01320,0.9394194483757019,0.9671739339828491,0.9525682926177979,0.953053891658783,1.0,1.7320508075688772,2.23606797749979,0
BraTS2021_01321,0.9301453828811646,0.9864920377731323,0.9630305171012878,0.9598893125851949,1.7320508075688772,1.0,1.7320508075688772,0
BraTS2021_01322,0.8596916198730469,0.928296685218811,0.9104741811752319,0.8994874954223633,19.41777455176139,19.924858845171276,2.23606797749979,0
BraTS2021_01323,0.9225789904594421,0.9732732176780701,0.9749711155891418,0.9569411079088846,2.0,1.4142135623730951,1.4142135623730951,0
BraTS2021_01324,0.9657503962516785,0.9916144609451294,0.9906215667724609,0.9826621413230896,1.0,1.0,1.0,0
BraTS2021_01325,0.9216213822364807,0.8855825066566467,0.8702102303504944,0.8924713730812073,2.0,4.358898943540674,5.744562646538029,0
BraTS2021_01326,0.9761264324188232,0.9904077649116516,0.9478737115859985,0.9714693029721578,1.0,1.0,2.449489742783178,0
BraTS2021_01327,0.7683143615722656,0.7435248494148254,0.9063431024551392,0.80606077114741,2.23606797749979,3.1622776601683795,2.23606797749979,0
BraTS2021_01328,0.9523914456367493,0.9601783156394958,0.9813405871391296,0.9646367828051249,1.0,2.0,1.0,0
BraTS2021_01329,0.9080712199211121,0.9777443408966064,0.9910656809806824,0.9589604139328003,1.0,1.0,1.0,0
BraTS2021_01330,0.8888277411460876,0.9357561469078064,0.9204577207565308,0.915013869603475,1.4142135623730951,2.8284271247461903,4.358898943540674,0
BraTS2021_01331,0.8826655149459839,0.9554983377456665,0.8923196792602539,0.9101611773173014,1.7320508075688772,1.4142135623730951,6.48074069840786,0
BraTS2021_01332,0.9234272837638855,0.9577240943908691,0.9741354584693909,0.9517622788747152,1.4142135623730951,1.0,1.0,0
BraTS2021_01333,0.9294173121452332,0.9359331727027893,0.9387838244438171,0.9347114364306132,1.4142135623730951,1.0,1.0,0
BraTS2021_01334,0.9595447778701782,0.9639807343482971,0.9670583009719849,0.9635279377301534,1.0,1.0,1.0,0
BraTS2021_01335,0.9381499886512756,0.9576684236526489,0.9862328767776489,0.9606837630271912,1.0,1.4142135623730951,1.0,0
BraTS2021_01336,0.9295541644096375,0.9688988924026489,0.9751543998718262,0.9578691522280375,1.0,1.0,1.0,0
BraTS2021_01337,0.9727301597595215,0.9883062243461609,0.9831808805465698,0.9814057548840841,1.0,1.0,1.0,0
BraTS2021_01338,0.9771112203598022,0.9900892972946167,0.9488210082054138,0.972007175286611,1.0,1.0,2.0,0
BraTS2021_01339,0.980067253112793,0.991947591304779,0.9819464087486267,0.9846537510553995,1.0,1.0,1.0,0
BraTS2021_01340,0.9782316088676453,0.9846595525741577,0.9702364802360535,0.9777092138926188,1.0,1.0,1.0,0
BraTS2021_01341,0.9142958521842957,0.9558961391448975,0.8496956825256348,0.906629224618276,1.4142135623730951,1.0,19.994965574004468,0
BraTS2021_01342,0.9672197699546814,0.9720478057861328,0.8408365249633789,0.9267013669013977,1.0,1.0,28.201937876109547,0
BraTS2021_01343,0.9715465903282166,0.9868443608283997,0.9853623509407043,0.9812511006991068,1.0,1.0,1.0,0
BraTS2021_01344,0.9768045544624329,0.9664903283119202,0.962417483329773,0.9685707887013754,1.0,1.0,1.0,0
BraTS2021_01345,0.9648445248603821,0.9906436204910278,0.9260360598564148,0.9605080684026083,1.0,1.0,3.0,0
BraTS2021_01346,0.9706289768218994,0.9926063418388367,0.9894340634346008,0.9842231273651123,1.0,1.0,1.0,0
BraTS2021_01347,0.928925633430481,0.9371069073677063,0.9663761258125305,0.9441362222035726,1.0,1.0,1.0,0
BraTS2021_01348,0.97144615650177,0.9834388494491577,0.9649044275283813,0.973263144493103,1.0,1.0,2.0,0
BraTS2021_01349,0.974973738193512,0.97918301820755,0.8508487939834595,0.9350018501281738,1.0,1.0,2.23606797749979,0
BraTS2021_01350,1.0,1.0,0.8923865556716919,0.964128851890564,0.0,0.0,3.605551275463989,0
BraTS2021_01351,0.9468004107475281,0.9682929515838623,0.8110941648483276,0.9087291757265726,1.0,1.4142135623730951,7.681145747868608,0
BraTS2021_01352,0.8015174269676208,0.8856379985809326,0.9554340839385986,0.8808631698290507,2.23606797749979,3.3166247903554,1.4142135623730951,0
BraTS2021_01353,0.9636207818984985,0.9760972261428833,0.9523888230323792,0.9640356103579203,1.0,1.0,2.0,0
BraTS2021_01354,0.9736494421958923,0.9895885586738586,0.9402163028717041,0.9678181012471517,1.0,1.0,10.44030650891055,0
BraTS2021_01355,0.9749687314033508,0.9783897995948792,0.9815025925636292,0.9782870411872864,1.0,1.0,1.0,0
BraTS2021_01356,0.9368097186088562,0.9838061332702637,0.9004080891609192,0.9403413136800131,1.0,1.0,5.744562646538029,0
BraTS2021_01357,0.9653005003929138,0.9904450178146362,0.9847984313964844,0.9801813165346781,1.0,1.0,1.0,0
BraTS2021_01358,0.9655061960220337,0.9836748242378235,0.9864658117294312,0.9785489439964294,1.0,1.0,1.0,0
BraTS2021_01359,0.9760399460792542,0.9754930138587952,0.9624174237251282,0.9713167945543925,1.0,1.4142135623730951,1.4142135623730951,0
BraTS2021_01360,0.9448056221008301,0.9733759760856628,0.9677823781967163,0.9619879921277364,1.0,2.449489742783178,2.449489742783178,0
BraTS2021_01361,0.9629790782928467,0.9786350727081299,0.951160192489624,0.9642581144968668,1.0,1.4142135623730951,2.23606797749979,0
BraTS2021_01362,0.9446434378623962,0.9730304479598999,0.9810229539871216,0.9662322799364725,1.0,1.4142135623730951,1.0,0
BraTS2021_01363,0.7226232886314392,0.9209814071655273,0.8923202157020569,0.8453083038330078,1.7320508075688772,1.4142135623730951,2.0,0
BraTS2021_01364,0.8866705894470215,0.9345898032188416,0.5411331653594971,0.7874645193417867,1.4142135623730951,1.0,12.36931687685298,0
BraTS2021_01365,0.8045349717140198,0.8245398998260498,0.7839797735214233,0.8043515483538309,2.449489742783178,2.23606797749979,7.0,0
BraTS2021_01366,0.24793390929698944,0.2720588445663452,0.9005030393600464,0.473498597741127,5.0,5.0,4.0,0
BraTS2021_01367,0.7933205366134644,0.9504229426383972,0.8855521082878113,0.8764318625132242,2.0,1.0,3.4641016151377544,0
BraTS2021_01368,0.9680122137069702,0.9869149327278137,0.9492675065994263,0.9680648843447367,1.0,1.0,6.4031242374328485,0
BraTS2021_01369,0.9569588303565979,0.9817197918891907,0.8659771084785461,0.9348852435747782,1.0,1.0,7.0,0
BraTS2021_01370,0.8046026825904846,0.8459581136703491,0.8473433256149292,0.832634707291921,3.0,3.5136089962519237,26.13426869074396,0
BraTS2021_01371,0.9565514922142029,0.9701505303382874,0.9751608371734619,0.9672876199086508,1.0,1.0,1.0,0
BraTS2021_01372,0.9231541752815247,0.9576213359832764,0.8874934315681458,0.9227563142776489,1.0,8.660254037844387,2.733692779255437,0
BraTS2021_01373,0.9700016379356384,0.9881879687309265,0.9593253135681152,0.9725049734115601,1.0,1.0,1.4142135623730951,0
BraTS2021_01374,0.9565362930297852,0.9853585362434387,0.9835280776023865,0.9751409689585367,1.0,1.0,1.0,0
BraTS2021_01375,0.8237537741661072,0.744303822517395,0.9555426836013794,0.8412000934282938,48.1933491150378,48.229138287767846,1.4142135623730951,0
BraTS2021_01376,0.8749682903289795,0.9551259279251099,0.980198323726654,0.9367641806602478,1.4142135623730951,2.0,1.0,0
BraTS2021_01377,0.977900505065918,0.9809457063674927,0.9406355619430542,0.9664939244588217,1.0,1.0,11.180339887498949,0
BraTS2021_01378,0.9529140591621399,0.9882751703262329,0.9794308543205261,0.9735400279362997,1.0,1.0,1.0,0
BraTS2021_01379,0.8439595699310303,0.7985414266586304,0.9809046387672424,0.8744685451189677,1.4142135623730951,4.123105625617661,1.0,0
BraTS2021_01380,0.9561619162559509,0.9582903981208801,0.8751323223114014,0.9298615455627441,1.0,1.0,4.123105625617661,0
BraTS2021_01381,0.969512939453125,0.9610888361930847,0.9850100874900818,0.9718706210454305,1.0,2.23606797749979,1.0,0
BraTS2021_01382,0.9731065034866333,0.9734287261962891,0.9562768340110779,0.9676040212313334,1.0,1.0,1.4142135623730951,0
BraTS2021_01383,0.9408764839172363,0.9772472977638245,0.9220632314682007,0.9467290043830872,1.0,1.0,6.0,0
BraTS2021_01384,0.9685196280479431,0.9847941398620605,0.987102210521698,0.9801386594772339,1.0,1.0,1.0,0
BraTS2021_01385,0.9783555269241333,0.9919734597206116,0.9735287427902222,0.9812859098116556,1.0,1.0,1.4142135623730951,0
BraTS2021_01386,0.9671379327774048,0.9861079454421997,0.9843713045120239,0.9792057275772095,1.0,1.0,1.0,0
BraTS2021_01387,0.9041801691055298,0.9190026521682739,0.9195902943611145,0.9142577052116394,3.7416573867739413,15.048246636098806,4.123105625617661,0
BraTS2021_01388,0.9567398428916931,0.9875668883323669,0.9551376104354858,0.9664814472198486,1.0,1.0,1.4142135623730951,0
BraTS2021_01389,0.9647262692451477,0.9831919074058533,0.9661346077919006,0.9713509281476339,1.0,1.0,1.0,0
BraTS2021_01390,0.9481412172317505,0.9800031185150146,0.9726113677024841,0.9669185678164164,1.0,1.0,1.0,0
BraTS2021_01391,0.9220072031021118,0.9406081438064575,0.9686653017997742,0.9437602162361145,1.4142135623730951,2.0,1.0,0
BraTS2021_01392,0.9823541045188904,0.991472601890564,0.9443612694740295,0.9727293252944946,1.0,1.0,2.449489742783178,0
BraTS2021_01393,0.9774762392044067,0.9894200563430786,0.9910988211631775,0.9859983722368876,1.0,1.0,1.0,0
BraTS2021_01394,0.9705770015716553,0.9781091213226318,0.9361780285835266,0.9616213838259379,1.0,1.0,2.23606797749979,0
BraTS2021_01395,0.7479631900787354,0.7731481194496155,0.9586547613143921,0.8265886902809143,3.0,3.0,1.0,0
BraTS2021_01396,0.949080228805542,0.9678600430488586,0.9859174489974976,0.9676192402839661,1.0,1.0,1.0,0
BraTS2021_01397,0.9504505395889282,0.9559025168418884,0.9406735897064209,0.9490088820457458,1.0,2.23606797749979,2.8284271247461903,0
BraTS2021_01398,0.9774149656295776,0.9845014214515686,0.9855130314826965,0.9824764728546143,1.0,1.0,1.0,0
BraTS2021_01399,0.9702774286270142,0.9714992046356201,0.9273550510406494,0.9563772281010946,1.0,1.4142135623730951,5.0,0
BraTS2021_01400,0.9497815370559692,0.9388337731361389,0.9673418998718262,0.9519857366879781,2.0,2.23606797749979,1.0,0
BraTS2021_01401,0.9822185039520264,0.9940817356109619,0.982326865196228,0.9862090349197388,1.0,1.0,1.0,0
BraTS2021_01402,0.939049482345581,0.9423179626464844,0.9712060689926147,0.9508578379948934,1.4142135623730951,1.7320508075688772,1.0,0
BraTS2021_01403,0.9697307348251343,0.9792860746383667,0.9814652800559998,0.9768273631731669,1.0,1.7320508075688772,1.0,0
BraTS2021_01404,0.8540209531784058,0.9423591494560242,0.938946008682251,0.9117753704388937,1.0,1.4142135623730951,1.7320508075688772,0
BraTS2021_01405,0.7674418687820435,0.7923322916030884,0.8909249901771545,0.8168997168540955,15.697016140944864,15.658838742276572,2.23606797749979,0
BraTS2021_01406,0.9562362432479858,0.9700871706008911,0.9681618213653564,0.9648284117380778,1.0,2.0,1.4142135623730951,0
BraTS2021_01407,0.9779333472251892,0.9830476641654968,0.8936245441436768,0.951535185178121,1.0,1.0,21.95449840010015,0
BraTS2021_01408,0.9506042003631592,0.9792938828468323,0.9811370372772217,0.9703450401624044,1.0,1.0,1.0,0
BraTS2021_01409,0.9624224305152893,0.9692419767379761,0.9548158049583435,0.962160070737203,1.0,1.0,1.4142135623730951,0
BraTS2021_01410,0.9682052135467529,0.9929783344268799,0.9761484265327454,0.9791106581687927,1.0,1.0,1.0,0
BraTS2021_01411,0.8874619603157043,0.9672101140022278,0.8937686085700989,0.9161468942960104,1.4142135623730951,1.4142135623730951,3.7416573867739413,0
BraTS2021_01412,0.9010448455810547,0.8872383236885071,0.9049995541572571,0.8977609078089396,1.4142135623730951,1.4142135623730951,3.0,0
BraTS2021_01413,0.9323346614837646,0.9219779372215271,0.9203203320503235,0.9248776435852051,1.4142135623730951,2.449489742783178,3.0,0
BraTS2021_01414,0.8899621367454529,0.8188866972923279,0.9470922946929932,0.8853137095769247,1.4142135623730951,7.280109889280518,2.449489742783178,0
BraTS2021_01415,0.8121011853218079,0.9088584780693054,0.9006153345108032,0.8738583326339722,4.123105625617661,5.385164807134504,5.830951894845301,0
BraTS2021_01416,0.7677156329154968,0.898472011089325,0.9337465167045593,0.8666447202364603,5.744562646538029,7.0,3.0,0
BraTS2021_01417,0.8973928093910217,0.9461230039596558,0.7373278141021729,0.8602812091509501,1.4142135623730951,1.0,9.0,0
BraTS2021_01418,0.8952752947807312,0.9591816663742065,0.9060872197151184,0.920181393623352,1.4142135623730951,2.0,4.242640687119285,0
BraTS2021_01419,0.9261932373046875,0.7813668847084045,0.9394412040710449,0.882333775361379,1.4142135623730951,10.04987562112089,3.0,0
BraTS2021_01420,0.8980939388275146,0.9277132749557495,0.7538859844207764,0.8598977327346802,2.449489742783178,1.0,85.16454661418682,0
BraTS2021_01421,0.9027419686317444,0.9479833841323853,0.9335964322090149,0.9281072616577148,1.0,2.23606797749979,2.449489742783178,0
BraTS2021_01422,0.5867924690246582,0.613956093788147,0.9164931178092957,0.7057472268740336,4.0,5.830951894845301,2.23606797749979,0
BraTS2021_01423,0.942971408367157,0.9559697508811951,0.8797010779380798,0.9262140790621439,1.4142135623730951,1.0,2.23606797749979,0
BraTS2021_01424,0.7932306528091431,0.9671474099159241,0.9070398211479187,0.8891392946243286,2.0,1.7320508075688772,5.385164807134504,0
BraTS2021_01425,0.9523312449455261,0.9516674280166626,0.9138100743293762,0.9392695824305216,1.0,2.23606797749979,4.0,0
BraTS2021_01426,0.8509687781333923,0.9381157755851746,0.8995197415351868,0.8962014317512512,1.4142135623730951,2.0,4.0,0
BraTS2021_01427,0.8873957991600037,0.9548702239990234,0.7045876383781433,0.8489512205123901,1.4142135623730951,1.4142135623730951,52.649311445785436,0
BraTS2021_01428,0.37763097882270813,0.8337402939796448,0.6308479905128479,0.6140730877717336,11.0,5.830951894845301,63.08288186545983,0
BraTS2021_01429,0.7380155324935913,0.8300474882125854,0.9088619351387024,0.8256416519482931,3.0,4.7008439461104246,11.789826122551595,0
BraTS2021_01430,0.8697994351387024,0.910442590713501,0.9099289178848267,0.8967236479123434,2.0,4.123105625617661,4.58257569495584,0
BraTS2021_01431,0.26600393652915955,0.36189860105514526,0.347427099943161,0.32510987917582196,60.4648658313239,57.905094767213704,55.036351623268054,0
BraTS2021_01432,0.603012204170227,0.8127919435501099,0.9452999830245972,0.7870347102483114,5.196152422706632,7.0,3.4641016151377544,0
BraTS2021_01433,4.999974862585077e-06,0.08425797522068024,0.7391999363899231,0.2744876371951553,,10.862780491200215,52.896124621752776,0
BraTS2021_01434,3.0238886949973676e-09,0.6851404309272766,0.656335175037384,0.44715853632951647,,8.06225774829855,95.44631999192006,0
BraTS2021_01435,9.999899702961557e-06,0.8426849842071533,0.8945377469062805,0.5790775770043789,,3.0,3.0,0
BraTS2021_01436,1.1111098956462229e-06,0.9470852613449097,0.8670874238014221,0.6047245987520758,,1.7320508075688772,4.123105625617661,0
BraTS2021_01437,5.3191484994385974e-08,0.7991935610771179,0.9367047548294067,0.5786327896993365,,5.830951894845301,2.23606797749979,0
BraTS2021_01438,0.8847460746765137,0.5169246792793274,0.8113927245140076,0.7376878261566162,1.4142135623730951,12.84523257866513,69.95712972957081,0
BraTS2021_01439,1.0,0.5846154093742371,0.38018089532852173,0.6549321015675863,0.0,8.94427190999916,76.71375365604267,0
BraTS2021_01440,6.993005996491775e-08,0.7992656826972961,0.851626992225647,0.5502975816176677,,5.0990195135927845,4.123105625617661,0
BraTS2021_01441,0.8659418821334839,0.9661934971809387,0.8822046518325806,0.9047800103823344,1.4142135623730951,1.4142135623730951,39.824615503479755,0
BraTS2021_01442,0.8942066431045532,0.9665549397468567,0.9592158794403076,0.9399924874305725,1.0,1.4142135623730951,1.4142135623730951,0
BraTS2021_01443,0.8630980849266052,0.9364112019538879,0.9181551933288574,0.9058881600697836,1.7320508075688772,2.23606797749979,2.8284271247461903,0
BraTS2021_01444,0.9434318542480469,0.9592748880386353,0.947555422782898,0.9500873883565267,1.4142135623730951,1.4142135623730951,1.4142135623730951,0
BraTS2021_01445,0.8895751237869263,0.9334533214569092,0.9594325423240662,0.9274869958559672,2.23606797749979,3.0,2.449489742783178,0
BraTS2021_01446,0.8135290145874023,0.9149636626243591,0.9408310055732727,0.8897745609283447,2.449489742783178,3.0,2.0,0
BraTS2021_01447,0.9197859168052673,0.9357936382293701,0.9632283449172974,0.9396026333173116,2.0,2.449489742783178,1.7320508075688772,0
BraTS2021_01448,0.8496356010437012,0.722244143486023,0.9523440003395081,0.8414079149564108,2.23606797749979,8.246211251235321,1.7320508075688772,0
BraTS2021_01449,0.946729838848114,0.9541404843330383,0.937920331954956,0.9462635517120361,1.0,1.4142135623730951,2.8284271247461903,0
BraTS2021_01450,0.8193308711051941,0.8899325728416443,0.874709963798523,0.8613244692484537,2.0,2.23606797749979,5.656854249492381,0
BraTS2021_01451,0.9298455715179443,0.9378498792648315,0.8802886009216309,0.9159946839014689,1.4142135623730951,1.4142135623730951,3.0,0
BraTS2021_01452,0.9111217856407166,0.9260414242744446,0.8592511415481567,0.898804783821106,1.0,1.0,2.8284271247461903,0
BraTS2021_01453,0.8707090616226196,0.8392988443374634,0.8031444549560547,0.8377174536387125,15.524174696260024,18.656058833482543,4.123105625617661,0
BraTS2021_01454,0.8816224932670593,0.8901638388633728,0.9208017587661743,0.8975293636322021,3.3166247903554,2.8284271247461903,3.605551275463989,0
BraTS2021_01455,0.935524046421051,0.9574931859970093,0.928751528263092,0.9405895868937174,1.4142135623730951,2.0,3.0,0
BraTS2021_01456,0.8887684345245361,0.9079686403274536,0.9687509536743164,0.921829342842102,3.0,3.3166247903554,1.4142135623730951,0
BraTS2021_01457,0.9015998840332031,0.9299095273017883,0.9397191405296326,0.9237428506215414,1.4142135623730951,2.449489742783178,1.4142135623730951,0
BraTS2021_01458,0.7760739922523499,0.8984025120735168,0.9374051690101624,0.870627224445343,2.449489742783178,3.0,10.04987562112089,0
BraTS2021_01459,0.9436632990837097,0.950882077217102,0.900467574596405,0.9316709836324056,1.0,1.0,79.65739124468365,0
BraTS2021_01460,0.8756752014160156,0.9397003650665283,0.9537213444709778,0.923032303651174,1.4142135623730951,2.23606797749979,2.23606797749979,0
BraTS2021_01461,0.8946536183357239,0.9451211094856262,0.8705923557281494,0.9034556945164999,1.4142135623730951,2.0,8.06225774829855,0
BraTS2021_01462,0.8025931119918823,0.9027304649353027,0.9031342267990112,0.8694859345753988,2.449489742783178,3.1622776601683795,3.7416573867739413,0
BraTS2021_01463,0.9317161440849304,0.9382582902908325,0.9707145094871521,0.9468963146209717,1.4142135623730951,2.0,1.4142135623730951,0
BraTS2021_01464,0.9543099999427795,0.9079433679580688,0.9101632237434387,0.9241388638814291,1.0,2.23606797749979,2.449489742783178,0
BraTS2021_01465,0.9314504861831665,0.9534165859222412,0.9567721486091614,0.9472130735715231,1.4142135623730951,1.4142135623730951,1.7320508075688772,0
BraTS2021_01466,0.9353148341178894,0.9618034958839417,0.9614948034286499,0.952871044476827,1.0,1.4142135623730951,1.4142135623730951,0
BraTS2021_01467,0.8633756041526794,0.9500454664230347,0.9663135409355164,0.9265782038370768,3.4641016151377544,2.449489742783178,1.4142135623730951,0
BraTS2021_01468,0.8969596028327942,0.9516161680221558,0.9155974984169006,0.9213910897572836,2.8284271247461903,1.4142135623730951,3.605551275463989,0
BraTS2021_01469,0.8822081089019775,0.8662225604057312,0.7995389699935913,0.8493232131004333,3.0,2.8284271247461903,7.14142842854285,0
BraTS2021_01470,0.9061741828918457,0.9408174753189087,0.8397815823554993,0.8955910801887512,1.0,1.4142135623730951,5.916079783099616,0
BraTS2021_01471,0.8972391486167908,0.9632657766342163,0.9660772681236267,0.9421940644582113,1.4142135623730951,2.0,2.0,0
BraTS2021_01472,0.8591166138648987,0.9037841558456421,0.8632180094718933,0.8753729263941447,2.449489742783178,4.242640687119285,5.0990195135927845,0
BraTS2021_01473,0.8437910676002502,0.8703974485397339,0.785158097743988,0.8331155379613241,6.082762530298219,6.7304417476870855,10.853555158238365,0
BraTS2021_01474,0.6663581132888794,0.8728213310241699,0.9037980437278748,0.8143258293469747,7.0710678118654755,5.877772233385112,7.3484692283495345,0
BraTS2021_01475,0.885170042514801,0.9352220892906189,0.9632700681686401,0.9278873999913534,1.4142135623730951,2.8284271247461903,2.23606797749979,0
BraTS2021_01476,0.39335185289382935,0.9161654114723206,0.9543151259422302,0.7546107967694601,18.466185312619388,2.23606797749979,2.0,0
BraTS2021_01477,4.780800200165913e-10,0.7125609517097473,0.8927669525146484,0.5351093015674919,,22.67156809750927,9.1104335791443,0
BraTS2021_01478,0.02558417245745659,0.5835268497467041,0.7501276731491089,0.45307956511775654,41.340053217188775,33.481338085566414,13.0,0
BraTS2021_01479,0.8400759696960449,0.7384349703788757,0.9062596559524536,0.8282568653424581,3.1622776601683795,11.224972160321824,6.4031242374328485,0
BraTS2021_01480,1.4285711813499802e-07,0.0133333345875144,0.8259568214416504,0.2797634329620943,,25.24776328121277,7.810249675906654,0
BraTS2021_01481,0.7853003740310669,0.8900218605995178,0.931781530380249,0.8690345883369446,2.0,1.4142135623730951,5.830951894845301,0
BraTS2021_01482,0.8445532321929932,0.5514090061187744,0.6840612888336182,0.6933411757151285,1.0,4.0,18.466185312619388,0
BraTS2021_01483,5.025125204838332e-08,0.01084031630307436,0.8858431577682495,0.2988945081075253,,23.958297101421877,4.69041575982343,0
BraTS2021_01484,5.855143592192746e-10,0.868445873260498,0.958189845085144,0.6088785729770522,,6.0,2.449489742783178,0
BraTS2021_01485,0.6735086441040039,0.26130443811416626,0.9476129412651062,0.6274753411610922,13.047977815459479,12.84328337347515,7.0710678118654755,0
BraTS2021_01486,1.7135023400172145e-09,0.592824399471283,0.9266909956932068,0.506505132292664,,47.686476070265456,23.194827009486403,0
BraTS2021_01487,0.6279982924461365,0.5495675802230835,0.9650709629058838,0.7142122785250345,12.884098726725126,12.24744871391589,1.7320508075688772,0
BraTS2021_01488,0.8777844905853271,0.7922798991203308,0.9379307627677917,0.8693317174911499,2.23606797749979,5.477225575051661,2.0,0
BraTS2021_01489,0.2902705669403076,0.8547021150588989,0.9250794649124146,0.6900173823038737,19.462782286190127,8.994427190999794,7.0710678118654755,0
BraTS2021_01490,0.7676222324371338,0.9301075339317322,0.9708656668663025,0.8895318110783895,12.68857754044952,3.605551275463989,3.231733868752651,0
BraTS2021_01491,3.93700751999404e-08,0.6637829542160034,0.8906353116035461,0.5181394350632083,,5.477225575051661,4.898979485566356,0
BraTS2021_01492,0.9165624380111694,0.9056709408760071,0.9542635679244995,0.9254989822705587,2.23606797749979,2.449489742783178,1.7320508075688772,0
BraTS2021_01493,0.8792091012001038,0.7701221108436584,0.9204434752464294,0.8565915624300638,1.4142135623730951,7.810249675906654,6.164414002968976,0
BraTS2021_01494,4.752851445744e-09,0.8327411413192749,0.9439932703971863,0.5922448054897709,,6.6332495807108,3.3166247903554,0
BraTS2021_01495,0.46066588163375854,0.48583218455314636,0.9023091197013855,0.6162690619627634,34.49637662132068,34.292856398964496,7.874007874011811,0
BraTS2021_01496,0.038869261741638184,0.8498374223709106,0.9596850872039795,0.6161305904388428,17.204650534085253,5.477225575051661,2.0,0
BraTS2021_01497,0.49139103293418884,0.8485047221183777,0.8647158741950989,0.7348705430825552,10.677078252031311,4.0,4.69041575982343,0
BraTS2021_01498,0.8260130882263184,0.7307131886482239,0.9147509932518005,0.8238257567087809,3.4641016151377544,9.544604951510175,9.055385138137417,0
BraTS2021_01499,1.4492753663830626e-08,0.6630021929740906,0.8762214779853821,0.5130745618174087,,9.1104335791443,5.385164807134504,0
BraTS2021_01500,0.03415561467409134,0.8250595331192017,0.8985658884048462,0.5859270120660464,16.792855623746664,3.1622776601683795,2.23606797749979,0
BraTS2021_01501,0.5843729972839355,0.8582645654678345,0.9654056429862976,0.8026810685793558,5.477225575051661,5.830951894845301,2.0,0
BraTS2021_01502,4.999997713639459e-07,0.6672825813293457,0.39373958110809326,0.35367422081240346,,8.94427190999916,51.81698563212646,0
BraTS2021_01503,0.2823529839515686,0.05428484454751015,0.8193497061729431,0.3853291782240073,9.835342775761102,14.177446878757825,4.898979485566356,0
BraTS2021_01504,0.6015971899032593,0.9555118680000305,0.9422692060470581,0.8331260879834493,12.409673645990857,2.0,2.449489742783178,0
BraTS2021_01505,0.8344316482543945,0.6977777481079102,0.8512391448020935,0.7944828470547994,5.477225575051661,12.041594578792296,6.4031242374328485,0
BraTS2021_01506,0.5926380157470703,0.7229728102684021,0.8314937949180603,0.7157015403111776,12.649110640673518,9.695359714832659,7.54983443527075,0
BraTS2021_01507,0.500289261341095,0.8971042037010193,0.9187352061271667,0.7720428903897604,25.75362815617891,4.123105625617661,3.605551275463989,0
BraTS2021_01508,0.463087260723114,0.6364791393280029,0.8275803923606873,0.6423822641372681,4.81497541334243,20.615528128088304,9.0,0
BraTS2021_01509,1.3157892908566282e-07,0.8019973635673523,0.8276299834251404,0.5432091595238072,,5.744562646538029,5.196152422706632,0
BraTS2021_01510,6.146281261720787e-10,0.8593599796295166,0.9207184910774231,0.5933594904405226,,4.47213595499958,4.47213595499958,0
BraTS2021_01511,3.430531636539058e-09,0.6436538696289062,0.9376331567764282,0.5270956766119553,,20.639767440550294,5.830951894845301,0
BraTS2021_01512,0.0033994351979345083,0.8677058815956116,0.9308679699897766,0.6006577622611076,22.94122089412348,5.916079783099616,7.681145747868608,0
BraTS2021_01513,0.3736909329891205,0.8197105526924133,0.942107617855072,0.7118363678455353,20.149441679609886,8.660254037844387,4.123105625617661,0
BraTS2021_01514,0.4174045920372009,0.7881045937538147,0.9179313778877258,0.7078135212262472,15.034957518120223,8.12403840463596,4.123105625617661,0
BraTS2021_01515,7.68639463188947e-09,0.833329439163208,0.9380564093589783,0.590461952069527,,7.0,5.0990195135927845,0
BraTS2021_01516,0.8463825583457947,0.5473459362983704,0.8923566937446594,0.7620283961296082,1.0,7.681145747868608,4.123105625617661,0
BraTS2021_01517,1.0682619233648438e-09,0.7187626957893372,0.8862465620040894,0.5350030862872295,,16.97056274847714,4.631103724145942,0
BraTS2021_01518,0.539608895778656,0.8121815919876099,0.9404535293579102,0.764081339041392,4.242640687119285,8.06225774829855,3.7416573867739413,0
BraTS2021_01519,0.19480523467063904,0.12931038439273834,0.6037969589233398,0.3093041926622391,3.605551275463989,4.604143707929357,12.051957427492866,0
BraTS2021_01520,0.5161290168762207,0.9147182703018188,0.9558704495429993,0.7955725789070129,21.400934559032695,2.0,1.0,0
BraTS2021_01521,0.7525161504745483,0.2330387979745865,0.9179790616035461,0.634511336684227,8.419279908601876,18.0,3.7416573867739413,0
BraTS2021_01522,0.8424609899520874,0.8420793414115906,0.9373009204864502,0.8739470839500427,1.8526279441628337,2.23606797749979,1.7320508075688772,0
BraTS2021_01523,0.3598887622356415,0.6426712274551392,0.9570048451423645,0.6531882782777151,30.495901363953813,17.46424919657298,3.3166247903554,0
BraTS2021_01524,5.4734536902856235e-09,0.9318479895591736,0.9620023369789124,0.6312834440038465,,4.123105625617661,2.23606797749979,0
BraTS2021_01525,0.8187695741653442,0.8447872996330261,0.863979697227478,0.8425121903419495,2.449489742783178,3.0,9.848857801796104,0
BraTS2021_01526,1.1111098956462229e-06,0.7865225672721863,0.9573022723197937,0.5812753169006252,,5.744562646538029,1.4142135623730951,0
BraTS2021_01527,0.2413088083267212,0.9433496594429016,0.9518774747848511,0.712178647518158,30.013320381669406,2.23606797749979,2.8284271247461903,0
BraTS2021_01528,2.1349273460202767e-09,0.9038048982620239,0.9291056394577026,0.6109701799515513,66.47555941848101,4.123105625617661,4.242640687119285,0
BraTS2021_01529,1.6666638202877948e-06,0.04204706847667694,0.9433174133300781,0.3284553828235251,,23.430749027719962,1.4142135623730951,0
BraTS2021_01530,5.1546386714562686e-08,0.4932864010334015,0.1910018026828766,0.22809608508755494,29.872217461212678,9.486832980505138,50.368641037852115,0
BraTS2021_01531,0.29632699489593506,0.6287276148796082,0.932013750076294,0.619022786617279,12.206555615733702,16.278820596099706,4.58257569495584,0
BraTS2021_01532,0.601559042930603,0.9046531319618225,0.9412820935249329,0.8158314228057861,28.6705423736629,5.830951894845301,7.0,0
BraTS2021_01533,0.378807932138443,0.7730103731155396,0.9397739171981812,0.6971974074840546,51.396011290525344,9.219544457292887,4.242640687119285,0
BraTS2021_01534,2.9673589807543976e-08,0.5138441324234009,0.9042914509773254,0.472711871024772,,12.727922061357855,3.1622776601683795,0
BraTS2021_01535,4.366811978684382e-08,0.7821943163871765,0.9609041810035706,0.5810328470196223,,6.708203932499369,1.4142135623730951,0
BraTS2021_01536,0.8528892397880554,0.6802242398262024,0.8904609084129333,0.8078581293423971,1.4142135623730951,10.770329614269007,2.8284271247461903,0
BraTS2021_01537,0.9571121335029602,0.9813601970672607,0.9863921403884888,0.9749548236529032,1.0,1.0,1.0,0
BraTS2021_01538,0.9566602110862732,0.980774462223053,0.896443247795105,0.944625973701477,1.0,1.0,2.449489742783178,0
BraTS2021_01539,0.9435614943504333,0.9231081008911133,0.9488168954849243,0.9384954969088236,1.0,25.15949125081825,2.0,0
BraTS2021_01540,0.9533151388168335,0.9475581049919128,0.9656741619110107,0.9555158019065857,1.0,3.7416573867739413,1.0,0
BraTS2021_01541,0.8029728531837463,0.9348338842391968,0.9487355351448059,0.8955140908559164,3.0,3.0,2.449489742783178,0
BraTS2021_01542,0.9587287902832031,0.957661509513855,0.948917806148529,0.9551027019818624,1.0,1.4142135623730951,1.7320508075688772,0
BraTS2021_01543,0.9779070019721985,0.9774276614189148,0.9450194835662842,0.9667847156524658,1.0,1.0,1.4142135623730951,0
BraTS2021_01544,0.9564381837844849,0.9564892053604126,0.9409919381141663,0.9513064424196879,1.4142135623730951,1.4142135623730951,2.23606797749979,0
BraTS2021_01545,0.9276093244552612,0.9485492706298828,0.8870992064476013,0.9210859338442484,4.123105625617661,87.99715863230148,19.1049731745428,0
BraTS2021_01546,0.9576844573020935,0.9786140322685242,0.98194420337677,0.9727475643157959,1.4142135623730951,1.0,1.0,0
BraTS2021_01547,0.9375454783439636,0.972861111164093,0.9557035565376282,0.9553700486818949,1.0,2.0,3.4641016151377544,0
BraTS2021_01548,0.9447334408760071,0.977679967880249,0.9544429183006287,0.9589521090189616,1.0,1.0,2.0,0
BraTS2021_01549,0.9419361352920532,0.9634709358215332,0.9626112580299377,0.9560061097145081,1.0,1.4142135623730951,1.4142135623730951,0
BraTS2021_01550,0.9549593925476074,0.9799962639808655,0.9057381749153137,0.9468979438145956,1.0,1.0,3.605551275463989,0
BraTS2021_01551,1.0,1.0,0.8496189117431641,0.9498729705810547,0.0,0.0,2.23606797749979,0
BraTS2021_01552,0.957240879535675,0.9763110876083374,0.9773070216178894,0.9702863295873007,1.0,1.4142135623730951,1.0,0
BraTS2021_01553,0.9191704988479614,0.8860001564025879,0.9677978754043579,0.9243228435516357,1.0,37.27867827806025,1.7320508075688772,0
BraTS2021_01554,0.9517564177513123,0.9868919253349304,0.9686543345451355,0.9691008925437927,1.0,1.0,1.4142135623730951,0
BraTS2021_01555,0.4519626200199127,0.42732658982276917,0.7824738025665283,0.5539210041364034,21.58123952190413,21.512774847538015,6.164414002968976,0
BraTS2021_01556,0.7224959135055542,0.7721802592277527,0.22216080129146576,0.5722789913415909,4.123105625617661,5.385164807134504,61.84658438426491,0
BraTS2021_01557,0.9589021801948547,0.975236177444458,0.8690361976623535,0.9343915184338888,1.0,1.0,3.1622776601683795,0
BraTS2021_01558,1.0,3.999999620418748e-08,0.968433678150177,0.6561445727167244,0.0,,1.4142135623730951,0
BraTS2021_01559,0.9530448913574219,0.9429260492324829,0.4043707251548767,0.7667805552482605,1.0,1.4142135623730951,74.21590126111789,0
BraTS2021_01560,0.9070256352424622,0.9028475880622864,0.9500159621238708,0.9199630618095398,1.4142135623730951,1.4142135623730951,1.0,0
BraTS2021_01561,0.8883926868438721,0.9402821063995361,0.931991696357727,0.9202221632003784,1.4142135623730951,1.7320508075688772,1.4142135623730951,0
BraTS2021_01562,0.954602837562561,0.97758549451828,0.9644401669502258,0.9655428330103556,1.0,1.0,1.0,0
BraTS2021_01563,0.9449571967124939,0.9769101738929749,0.974997878074646,0.9656217495600382,1.0,1.0,1.0,0
BraTS2021_01564,0.9761208295822144,0.9887791872024536,0.9697681665420532,0.9782227277755737,1.0,1.0,1.0,0
BraTS2021_01565,0.9515644311904907,0.9755735397338867,0.9718358516693115,0.9663246075312296,1.0,1.0,1.0,0
BraTS2021_01566,0.9145872592926025,0.9136137962341309,0.8931575417518616,0.9071195324261984,3.0,3.0,4.58257569495584,0
BraTS2021_01567,0.935329258441925,0.9751774072647095,0.9353753924369812,0.9486273527145386,1.0,1.0,2.8284271247461903,0
BraTS2021_01568,0.9712976217269897,0.9738562107086182,0.9811335206031799,0.975429117679596,1.0,1.0,1.0,0
BraTS2021_01569,0.9747303128242493,0.9869062304496765,0.9878280758857727,0.9831548730532328,1.0,1.0,1.0,0
BraTS2021_01570,0.9692769050598145,0.9863906502723694,0.9721330404281616,0.9759335319201151,1.0,1.0,1.4142135623730951,0
BraTS2021_01571,0.9324304461479187,0.9657530784606934,0.9704200029373169,0.956201175848643,2.8284271247461903,1.0,1.4142135623730951,0
BraTS2021_01572,0.1556696891784668,0.9420583248138428,0.985212504863739,0.6943135062853495,20.346989949375804,3.3166247903554,1.0,0
BraTS2021_01573,0.984372615814209,0.978584885597229,0.9588894248008728,0.9739489754041036,1.0,1.4142135623730951,2.0,0
BraTS2021_01574,0.8994460701942444,0.9596922993659973,0.9380293488502502,0.9323892394701639,2.8284271247461903,1.4142135623730951,2.8284271247461903,0
BraTS2021_01575,0.8609402179718018,0.7756909132003784,0.9770511984825134,0.8712274432182312,2.8284271247461903,3.7416573867739413,1.4142135623730951,0
BraTS2021_01576,0.9421237111091614,0.9838147163391113,0.9775304794311523,0.9678229689598083,1.0,1.0,1.0,0
BraTS2021_01577,0.9616350531578064,0.9780033826828003,0.9737957715988159,0.9711447358131409,1.0,1.0,1.0,0
BraTS2021_01578,0.9662344455718994,0.9868215918540955,0.7898992300033569,0.9143184224764506,1.0,1.0,14.352700094407323,0
BraTS2021_01579,0.8655206561088562,0.9088513851165771,0.9653722047805786,0.913248082002004,2.23606797749979,2.23606797749979,1.4142135623730951,0
BraTS2021_01580,0.9169264435768127,0.9343465566635132,0.8162773251533508,0.8891834417978922,1.4142135623730951,1.0,5.0990195135927845,0
BraTS2021_01581,0.9629544615745544,0.9838231801986694,0.9749480485916138,0.9739085634549459,1.0,1.0,1.0,0
BraTS2021_01582,0.9218013286590576,0.9639208912849426,0.987707793712616,0.9578100045522054,1.0,1.0,1.0,0
BraTS2021_01583,0.960106372833252,0.975807785987854,0.9800012111663818,0.9719717899958292,1.0,1.0,1.0,0
BraTS2021_01584,0.9384923577308655,0.9656392931938171,0.9751453399658203,0.959758996963501,1.0,1.4142135623730951,1.0,0
BraTS2021_01585,0.9437019228935242,0.9720842242240906,0.9841057658195496,0.9666306376457214,1.4142135623730951,1.0,1.0,0
BraTS2021_01586,0.9819299578666687,0.986556351184845,0.9085827469825745,0.9590230186780294,1.0,1.0,47.853944456021594,0
BraTS2021_01587,0.9251224398612976,0.9702674746513367,0.9695858359336853,0.9549919168154398,1.4142135623730951,1.4142135623730951,1.7320508075688772,0
BraTS2021_01588,0.726212203502655,0.8531206846237183,0.9713343381881714,0.8502224087715149,3.0,4.0,1.0,0
BraTS2021_01589,0.980098307132721,0.9683449268341064,0.9697210788726807,0.9727214376131693,1.0,1.0,2.0,0
BraTS2021_01590,0.8807339668273926,0.906593382358551,0.9787781238555908,0.9220351576805115,1.4142135623730951,1.4142135623730951,1.0,0
BraTS2021_01591,0.8125947117805481,0.7475308775901794,0.9205694794654846,0.8268983562787374,2.8284271247461903,3.4641016151377544,2.0,0
BraTS2021_01592,0.9242664575576782,0.9691904783248901,0.8258281946182251,0.9064283768335978,1.0,1.0,11.357816691600547,0
BraTS2021_01593,0.9658246636390686,0.9801562428474426,0.9846408367156982,0.9768739144007365,1.0,1.0,1.0,0
BraTS2021_01594,0.11065007746219635,0.11294767260551453,0.8899887800216675,0.3711955100297928,26.019223662515376,26.0,2.0,0
BraTS2021_01595,0.9751200675964355,0.9916946291923523,0.984882116317749,0.983898937702179,1.0,1.0,1.0,0
BraTS2021_01596,0.970049262046814,0.9803091287612915,0.9716367721557617,0.9739983876546224,1.0,1.0,1.0,0
BraTS2021_01597,0.8146120309829712,0.8672081828117371,0.9474179148674011,0.8764127095540365,13.0,15.620499351813308,2.449489742783178,0
BraTS2021_01598,0.9559968113899231,0.9812151789665222,0.948050320148468,0.9617541035016378,1.0,1.0,2.23606797749979,0
BraTS2021_01599,0.9317639470100403,0.9500893950462341,0.9502668976783752,0.9440400799115499,1.0,1.0,2.23606797749979,0
BraTS2021_01600,0.9127323627471924,0.9877021908760071,0.9845549464225769,0.9616631666819254,1.0,1.0,1.0,0
BraTS2021_01601,0.9600707292556763,0.9843317866325378,0.9818981289863586,0.9754335482915243,1.0,1.0,1.0,0
BraTS2021_01602,0.9512544274330139,0.9817458987236023,0.9913032054901123,0.9747678438822428,1.0,1.0,1.0,0
BraTS2021_01603,0.9319176077842712,0.9748497605323792,0.9555246233940125,0.954097330570221,1.4142135623730951,1.0,1.7320508075688772,0
BraTS2021_01604,0.8681235909461975,0.9093546271324158,0.878883421421051,0.8854538798332214,1.4142135623730951,1.0,3.4641016151377544,0
BraTS2021_01605,0.9261716604232788,0.5570060014724731,0.9684349298477173,0.8172041972478231,2.0,29.9833287011299,3.1622776601683795,0
BraTS2021_01606,0.8712719678878784,0.8878816962242126,0.7559248208999634,0.8383594950040182,1.0,1.4142135623730951,6.4031242374328485,0
BraTS2021_01607,0.9638014435768127,0.9792462587356567,0.9810481667518616,0.9746986230214437,1.0,1.0,1.0,0
BraTS2021_01608,0.9382307529449463,0.9704721570014954,0.9876560568809509,0.9654529889424642,1.0,1.0,1.0,0
BraTS2021_01609,0.969397783279419,0.9797484278678894,0.974740207195282,0.9746288061141968,1.0,1.0,1.4142135623730951,0
BraTS2021_01610,0.6838857531547546,0.6658749580383301,0.9599382281303406,0.7698996464411417,4.979795897113243,5.0990195135927845,1.7320508075688772,0
BraTS2021_01611,0.9221486449241638,0.968066930770874,0.852070689201355,0.914095421632131,1.0,1.0,5.0,0
BraTS2021_01612,0.849079966545105,0.9748475551605225,0.9399474859237671,0.9212916692097982,1.0,1.0,4.58257569495584,0
BraTS2021_01613,0.9403100609779358,0.9375271201133728,0.9820452928543091,0.9532941579818726,1.0,1.4142135623730951,1.0,0
BraTS2021_01614,0.9605867266654968,0.9754242300987244,0.9813772439956665,0.9724627335866293,1.0,1.0,1.0,0
BraTS2021_01615,0.9005658626556396,0.9036241769790649,0.7551109194755554,0.85310031970342,1.0,1.0,9.390328503327042,0
BraTS2021_01616,0.010989028960466385,0.010989028960466385,0.7367002367973328,0.25289276490608853,8.688655825059863,8.688655825059863,52.32590180780452,0
BraTS2021_01617,0.973061203956604,0.9732309579849243,0.9581319093704224,0.9681413571039835,1.0,1.0,1.4142135623730951,0
BraTS2021_01618,0.9504354596138,0.9812866449356079,0.9832811951637268,0.9716677665710449,1.0,1.0,1.0,0
BraTS2021_01619,0.9490871429443359,0.9863101243972778,0.9698916673660278,0.9684296449025472,1.0,1.0,3.1622776601683795,0
BraTS2021_01620,0.8979784846305847,0.8977240324020386,0.9418724775314331,0.9125249981880188,1.4142135623730951,1.4142135623730951,2.449489742783178,0
BraTS2021_01621,0.9388172030448914,0.9831284880638123,0.977908194065094,0.9666179617245992,1.0,1.0,1.0,0
BraTS2021_01622,0.9577110409736633,0.9804592132568359,0.857290506362915,0.9318202535311381,1.0,1.0,4.3702226446865025,0
BraTS2021_01623,0.8623895049095154,0.9164544343948364,0.9506141543388367,0.9098193645477295,4.898979485566356,1.7320508075688772,2.0,0
BraTS2021_01624,1.6666638202877948e-06,1.1111098956462229e-06,0.8987584710121155,0.29958708292861047,,,4.123105625617661,0
BraTS2021_01625,0.9275548458099365,0.9745380282402039,0.9850921034812927,0.9623949925104777,5.385164807134504,1.0,1.0,0
BraTS2021_01626,0.9506562948226929,0.9630354046821594,0.9407752156257629,0.9514889717102051,1.0,1.0,2.8284271247461903,0
BraTS2021_01627,0.9405540823936462,0.9833595752716064,0.9664050340652466,0.9634395639101664,1.0,1.0,1.7320508075688772,0
BraTS2021_01628,0.06513873487710953,0.20631971955299377,0.20326223969459534,0.15824023137489954,10.677078252031311,9.539392014169456,10.04987562112089,0
BraTS2021_01629,0.8725057244300842,0.7583805918693542,0.9197157621383667,0.8502006928126017,11.449883357341239,15.7797338380595,4.242640687119285,0
BraTS2021_01630,0.9478670358657837,0.9745925664901733,0.9768036007881165,0.9664210677146912,1.4142135623730951,1.0,1.0,0
BraTS2021_01631,0.9109606146812439,0.960603654384613,0.9630610942840576,0.9448751211166382,2.449489742783178,1.0,1.7320508075688772,0
BraTS2021_01632,0.8243416547775269,0.9080752730369568,0.9712610244750977,0.9012259840965271,2.23606797749979,3.1622776601683795,1.0,0
BraTS2021_01633,0.9727171063423157,0.9885438680648804,0.8890175223350525,0.9500928322474161,1.0,1.0,6.164414002968976,0
BraTS2021_01634,0.9688872694969177,0.987705409526825,0.9818552136421204,0.979482630888621,1.0,1.0,1.0,0
BraTS2021_01635,0.7931666374206543,0.9187233448028564,0.9813180565834045,0.8977360129356384,3.0,2.8284271247461903,1.0,0
BraTS2021_01636,0.6532559990882874,0.8398066759109497,0.8386380672454834,0.7772335807482401,6.4031242374328485,10.09432464294032,10.04987562112089,0
BraTS2021_01637,1.0,1.0,0.5430551767349243,0.8476850589116415,0.0,0.0,8.366600265340756,0
BraTS2021_01638,0.9471067786216736,0.9702255725860596,0.9115663170814514,0.9429662227630615,1.0,1.4142135623730951,37.5506323725846,0
BraTS2021_01639,0.9610880017280579,0.9837892055511475,0.9794244170188904,0.9747672080993652,1.0,1.0,1.4142135623730951,0
BraTS2021_01640,0.9826843738555908,0.9865160584449768,0.8884177803993225,0.9525394042332967,1.0,1.0,2.449489742783178,0
BraTS2021_01641,0.962698757648468,0.9824433922767639,0.9753513336181641,0.9734978278477987,1.0,1.0,1.0,0
BraTS2021_01642,0.9672507047653198,0.9799092411994934,0.9823237061500549,0.976494550704956,1.0,1.0,1.0,0
BraTS2021_01643,0.8729535341262817,0.9674642086029053,0.9585062265396118,0.932974656422933,2.23606797749979,1.0,2.8284271247461903,0
BraTS2021_01644,0.9658564329147339,0.9654762148857117,0.9458805918693542,0.9590710798899332,1.0,1.0,3.0,0
BraTS2021_01645,0.9818913340568542,0.984527587890625,0.8732961416244507,0.9465716878573099,1.0,1.0,2.8284271247461903,0
BraTS2021_01646,0.8587360382080078,0.8558558821678162,0.8764952421188354,0.8636957208315531,16.77496445964431,16.77794192099534,3.0,0
BraTS2021_01647,0.8052269816398621,0.82351154088974,0.8788149952888489,0.8358511726061503,24.62112279119601,25.079872407968907,32.250574343014506,0
BraTS2021_01648,0.9824171662330627,0.9859399795532227,0.9488219022750854,0.9723930160204569,1.0,1.0,2.0,0
BraTS2021_01649,0.8638055920600891,0.9359326362609863,0.9499445557594299,0.9165609280268351,1.4142135623730951,2.23606797749979,2.0,0
BraTS2021_01650,0.9409031271934509,0.9516282677650452,0.9770476818084717,0.9565263589223226,2.0,1.7320508075688772,1.0,0
BraTS2021_01651,0.9665108323097229,0.985999584197998,0.8963983058929443,0.9496362408002218,1.0,1.0,3.0,0
BraTS2021_01652,0.9755798578262329,0.9942230582237244,0.9794535636901855,0.9830854932467142,1.0,1.0,1.0,0
BraTS2021_01653,0.8990561962127686,0.977187991142273,0.9520801901817322,0.9427747925122579,1.0,1.0,1.7320508075688772,0
BraTS2021_01654,0.9698300957679749,0.9608201384544373,0.9474735856056213,0.9593746066093445,1.0,1.4142135623730951,2.8284271247461903,0
BraTS2021_01655,0.9747724533081055,0.9665717482566833,0.9800756573677063,0.973806619644165,1.0,1.0,1.0,0
BraTS2021_01656,0.8313349485397339,0.736304521560669,0.9736266732215881,0.8470887144406637,2.23606797749979,3.0,1.0,0
BraTS2021_01657,0.9005548357963562,0.9195160865783691,0.9800944328308105,0.9333884517351786,2.0,1.4142135623730951,1.0,0
BraTS2021_01658,0.9023797512054443,0.9797753095626831,0.903598427772522,0.9285844961802164,1.7320508075688772,1.0,3.0,0
BraTS2021_01659,0.9444873929023743,0.9743964672088623,0.9502190351486206,0.9563676317532858,1.4142135623730951,1.0,1.4142135623730951,0
BraTS2021_01660,0.9130808711051941,0.9517613053321838,0.9121003746986389,0.925647517045339,2.23606797749979,1.7320508075688772,3.0,0
BraTS2021_01661,0.960081934928894,0.9619580507278442,0.9178743362426758,0.9466381072998047,1.4142135623730951,2.23606797749979,2.449489742783178,0
BraTS2021_01662,0.9265791773796082,0.9796069860458374,0.9806524515151978,0.9622795383135477,1.0,1.0,1.0,0
BraTS2021_01663,0.8755447864532471,0.8376736044883728,0.9591655731201172,0.8907946546872457,1.7320508075688772,2.0,1.4142135623730951,0
BraTS2021_01664,0.6599582433700562,0.7471381425857544,0.9694450497627258,0.7921804785728455,7.3484692283495345,10.677078252031311,2.0,0
BraTS2021_01665,0.9230632781982422,0.9003846049308777,0.9741427302360535,0.9325302044550577,1.4142135623730951,1.4142135623730951,1.4142135623730951,0
BraTS2021_01666,2.1881836786974418e-08,0.7677518725395203,0.9329999089241028,0.56691726778182,,6.708203932499369,3.4641016151377544,0
